unique_good_name;dealer_good_name
Varta Promotive HD I11 112.3;112025051 A742 VARTA Promotive HD I11 112Ah
Varta Moto 4Ah;504011002 A514 VARTA Powersports  4Ah R+
Varta AGM Moto 4Ah;504012003 A514 VARTA Powersports AGM 4Ah R+
Varta Moto 5Ah;505012003 A514 VARTA Powersports  5Ah R+
Varta AGM Moto 6Ah;506014005 A514 VARTA Powersports AGM 6Ah R+
Varta AGM Moto 7Ah;507901012 A514 VARTA Powersports AGM 7Ah R+
Varta AGM Moto 5Ah;507902011 A514 VARTA Powersports AGM 5Ah R+
Varta AGM Moto A8h;508901015 A514 VARTA Powersports AGM 8Ah R+
Varta Moto 9Ah;509014008 A514 VARTA Powersports  9Ah L+
Varta Moto 9Ah;509015008 A514 VARTA Powersports  9Ah R+
Varta AGM Moto 10Ah;510012009 A514 VARTA Powersports AGM 10Ah R+
Varta AGM Moto 11Ah;511901014 A514 VARTA Powersports AGM 11Ah R+
Varta AGM Moto 12Ah;512014010 A514 VARTA Powersports AGM 12Ah R+
Varta AGM Moto 12Ah;512901019 A514 VARTA Powersports AGM 12Ah R+
Varta Moto 14Ah;514013014 A514 VARTA Powersports 14Ah R+
Varta AGM Moto 14Ah;514901022 A514 VARTA Powersports AGM 14Ah R+
Varta Moto 18Ah;518015018 A514 VARTA Powersports 18Ah R+
Varta AGM Moto 18Ah;518901026 A514 VARTA Powersports AGM 18Ah R+
Varta Moto 19Ah;519013017 A514 VARTA Powersports 19Ah R+
Varta Moto 20Ah;520012020 A514 VARTA Powersports 20Ah R+
Varta Moto 25Ah;525015022 A514 VARTA Powersports 25Ah R+
Varta Moto 30Ah;530400030 A514 VARTA Powersports 30Ah R+
Energizer EP35JTP;535118030 6742 EP35J-TP ENERGIZER PLUS, 35Ah R+ ES
Energizer EP35JTP;535118030 6742 EP35J-TP ENERGIZER PLUS, 35Ah, R+ (тон.кл)
Energizer EP35JTP;535118030 6742 EP35J-TP ENERGIZER PLUS, 35Ah, R+ (тон.кл) 2019
Energizer EP35JTP;535118030 I162 EP35JTP ENERGIZER PLUS, 35Ah R+
Energizer EP35JXTP;535119030 6742 EP35JX-TP ENERGIZER PLUS, 35Ah,L+ (тон.кл) 2019
Energizer EP35JXTP;535119030 I162 EP35JXTP ENERGIZER PLUS, 35Ah L+
Varta Blue Dynamic A15 40.1;540127033 3132 VARTA Blue Dynamic A15 40Ah Jis L+
Varta Blue Dynamic B31 45.0;545155033 3132 VARTA Blue Dynamic B31 45Ah Jis R+(тон.кл)
Energizer EP45JTP;545155033 6742 EP45J-TP ENERGIZER PLUS, 45Ah, R+ (тон.кл)2019
Energizer EP45JTP;545155033 6742 EP45J-TP ENERGIZER PLUS, 45Ah, R+ ES
Energizer EP45JTP;545155033 I162 EP45JTP ENERGIZER PLUS, 45Ah, R+
Varta Blue Dynamic B32 45.0;545156033 3132 VARTA Blue Dynamic B32 45Ah Jis R+(тол.кл)
Energizer EP45JXTP;545157033 6742 EP45JX-TP ENERGIZER PLUS, 45Ah,L+ (тон.кл)2019
Energizer EP45JXTP;545157033 6742 EP45JX-TP ENERGIZER PLUS, 45Ah,L+ES
Energizer EP45JXTP;545157033 I162 EP45JXTP ENERGIZER PLUS, 45Ah,L+
Energizer E-L1400;545412040 6752 E-L1 400 ENERGIZER,45Ah.R+  2019
Energizer EP52L1;552400047 6742 EP52-L1 ENERGIZER PLUS, 52Ah, R+
Energizer EP52L1;552400047 6742 EP52-L1 ENERGIZER PLUS, 52Ah, R+2019
Energizer EP52L1;552400047 6742 EP52-L1 ENERGIZER PLUS, 52Ah,R+
Energizer EP52L1;55240047 I162 EP52L1 ENERGIZER PLUS, 52Ah,R+
Varta Blue Dynamic D43 60.1;560127054 3132 VARTA Blue Dynamic D43 60Ah St.L+
Energizer EP60L2X;560127054 6742 EP60-L2X ENERGIZER PLUS, 60Ah, L+ CZ
Energizer EP60L2X;560127054 6742 EP60-L2X ENERGIZER PLUS, 60Ah, L+ Стандарт
Energizer EP60L2X;560127054 6742 EP60-L2X ENERGIZER PLUS, 60Ah, L+ Стандарт 2019
Energizer EP60L2X;560127054 I162 EP60L2X ENERGIZER PLUS, 60Ah, L+
Varta Blue Dynamic D24 60.0;560408054 3132 VARTA Blue Dynamic D24 60Ah St.R+
Energizer EP60L2;560408054 6742 EP60-L2 ENERGIZER PLUS 60Ah, R+ CZ
Energizer EP60L2;560408054 6742 EP60-L2 ENERGIZER PLUS, 60Ah,R+. Стандарт
Energizer EP60L2;560408054 6742 EP60-L2 ENERGIZER PLUS, 60Ah,R+. Стандарт 2019
Energizer EP60L2;560408054 I162 EP60L2 ENERGIZER PLUS 60Ah, R+
Varta Blue Dynamic D24 60.0;560408054 VARTA Blue Dynamic D24 60Ah St R+
Varta Blue Dynamic D59 60.0;560409054 3132 VARTA Blue Dynamic D59 60Ah St.R+ низ.
Energizer EM60LB2;560409054 6732 EM60-LB2 ENERGIZER PREMIUM, 60Ah, R+
Energizer EM60LB2;560409054 6732 EM60-LB2 ENERGIZER PREMIUM, 60Ah, R+ 2019
Energizer EM60LB2;560409054 6732 EM60-LB2 ENERGIZER PREMIUM, 60Ah, R+ CZ
Energizer EM60LB2;560409054 I172 EM60LB2 ENERGIZER PREMIUM, 60Ah, R+
Varta Blue Dynamic D47 60.0;560410054 3132 VARTA Blue Dynamic D47  60Ah Jis R+
Energizer EP60J;560412051 6742 EP60J ENERGIZER PLUS, 60Ah, Jis  R+
Energizer EP60J;560412051 6742 EP60J ENERGIZER PLUS, 60Ah, Jis R+2019
Energizer EP60J;560412051 6742 EP60J ENERGIZER PLUS, 60Ah,R+ CZ
Energizer EP60J;560412051 I162 EP60J ENERGIZER PLUS 60Ah, R+
Energizer EP60JX;560413051 6742 EP60JX ENERGIZER PLUS, 60Ah, Jis L+
Energizer EP60JX;560413051 6742 EP60JX ENERGIZER PLUS, 60Ah, Jis L+ 2019
Varta Silver Dynamic D21 61.0;561400060 3132 VARTA Silver Dynamic D21 61Ah R+(низ)
VARTA Silver Dynamic D15 63.0;563400061 3132 VARTA Silver Dynamic D15 63Ah St.R+
Energizer EM63L2;563400061 6732 EМ63-L2 ENERGIZER PLUS,63 CZ R+
Energizer EM63L2;563400061 6732 EМ63-L2 ENERGIZER PLUS,63Ah  R+CZ
Energizer EP68J;568404055 6742 EP68J ENERGIZER PLUS, 68Ah, Jis R+
Energizer EP68J;568404055 6742 EP68J ENERGIZER PLUS, 68Ah, Jis R+2019
Energizer EP68J;568404055 6742 EP68J ENERGIZER PLUS, 68Ah, R+
Energizer EP68J;568404055 I162 EP68J ENERGIZER PLUS, 68 Jis R+
Energizer EP68JX;568405055 6742 EP68JX ENERGIZER PLUS, 68Ah,  L+
Energizer EP68JX;568405055 6742 EP68JX ENERGIZER PLUS, 68Ah, Jis L+
Energizer EP68JX;568405055 6742 EP68JX ENERGIZER PLUS, 68Ah, Jis L+2019
Energizer EP68JX;568405055 I162 EP68JX ENERGIZER PLUS, 68 Jis L+
Energizer EP70LB3;570144064 6742 EP70-LB3 ENERGIZER PLUS, 70Ah, R+St
Energizer EP70LB3;570144064 6742 EP70-LB3 ENERGIZER PLUS, 70Ah,R+ CZ
Energizer EP70LB3;570144064 I162 EP70LB3 ENERGIZER PLUS, 70Ah,R+
Energizer E-L3640;570409064 6752 E-L3 640 ENERGIZER  70Ah,R+
Energizer E-L3640;570409064 6752 E-L3 640 ENERGIZER  70Ah,R+ 2019
Energizer E-L3640;570409064 6752 E-L3 640 ENERGIZER  70Ah,R+ CZ
Energizer EP70L3X;570410064 6742 EP70-L3X ENERGIZER PLUS 70Ah,L+2019
Energizer EP70L3X;570410064 6752 EP70-L3X  ENERGIZER  70Ah,R+ CZ
Varta Blue Dynamic E23 70.0;570412063 3132 VARTA Blue Dynamic E23 70Ah Jis R+
Varta Blue Dynamic E23 70.0;570412063 VARTA Blue Dynamic E23 70Ah Jis R+
Varta Blue Dynamic E23 70.0;5704123063 3132 VARTA Blue Dynamic E23 70Ah Jis R+
Varta Blue Dynamic E24 70.1;570413063 3132 VARTA Blue Dynamic E24 70Ah Jis L+
Varta Blue Dynamic E24 70.1;570413063 VARTA Blue Dynamic E24 70Ah Jis L+
Energizer EA70L3;570901076 C572 ENERGIZER AGM,70Ah R+DE
VARTA Silver Dynamic AGM E39 70.0;570901076 D852 VARTA Silver DYN AGM E39 70Ah R+ AGM
Varta Blue Dynamic E43 72.0;572409068 3132 VARTA Blue Dynamic E43 72Ah R+
Varta Blue Dynamic E11 74.0;574 012 068 VARTA Blue Dynamic 74Ah St R+
Varta Blue Dynamic E11 74.0;574012068 3132 VARTA Blue Dynamic E11 74A St R+
Energizer EP74L3;574104068 6742 EP74-L3 ENERGIZER PLUS, 74Ah,
Energizer EP74L3;574104068 6742 EP74-L3 ENERGIZER PLUS, 74Ah, R+ 2019
Energizer EP74L3;574104068 6742 EP74-L3 ENERGIZER PLUS, 74Ah,R+
Energizer EP74L3;574104068 I162 EP74-L3 ENERGIZER PLUS, 74Ah,R+
Varta Blue Dynamic E38 74.0;574402075 3132 VARTA Silver Dynamic E38 74Ah R+ низ
Energizer EM74L3;577400078 6732 EM77-L3 ENERGIZER PREM  77Ah R+
Energizer EM74L3;577400078 6732 EM77-L3 ENERGIZER PREM  77Ah R+2019
Energizer EM77L3;577400078 I172 EM77L3 ENERGIZER PREMIUM  77Ah R+
Energizer EM80LB4;580406074 6732 EМ80-LB4 ENERGIZER PREMIUM 80Ah.R+2019
Energizer EM80LB4;580406074 I172 EM80LB4 ENERGIZER PREMIUM,80Ah R+
Energizer EA80L4;580901080 C572 ENERGIZER AGM,80Ah R+ DE
VARTA Silver Dynamic AGM F21 80.0;580901080 D852 VARTA Silver DYN AGM F21 80Ah St R+
Varta Silver Dynamic F18 85.0;585200080 3132 VARTA Silver Dynamic F18 85Ah R+ низ
Varta Silver Dynamic F19 85.0;585400080 3132 VARTA Silver Dynamic F19 85Ah St R+
Varta Blue Dynamic G8 95.1;595 405 08 VARTA Blue Dynamic  G8 95Ah Jis L+
Varta Blue Dynamic G3 95.0;595402080 3132 VARTA Blue Dynamic G3 95Ah St R+
Energizer EP95L5;595402080 6742 EP95 L5 ENERGIZER PLUS, 95Ah,R+  St
Energizer EP95L5;595402080 6742 EP95 L5 ENERGIZER PLUS, 95Ah,R+ St 2019
Varta Blue Dynamic G7 95.0;595404083 3132 VARTA Blue Dynamic G7 95Ah JisR+
Energizer EP95J;595404083 6742 ENERGIZER PLUS, 95Ah,R+ CZ
Energizer EP95J;595404083 6742 EP95J ENERGIZER PLUS, 95Ah, JIS,  R+
Energizer EP95J;595404083 6742 EP95J ENERGIZER PLUS, 95Ah, JIS, R+2019
Energizer EP95J;595404083 I162 EP95J ENERGIZER PLUS, 95Ah,R+
Varta Blue Dynamic G7 95.0;595404083 VARTA Blue Dynamic G7 95Ah Jis R+
Varta Blue Dynamic G8 95.1;595405083 3132 VARTA Blue Dynamic G8 95Ah Jis L+
Energizer EP95JX;595405083 6742  EP95JX ENERGIZER PLUS, 95Ah,Jis L+
Energizer EP95JX;595405083 6742  EP95JX ENERGIZER PLUS, 95Ah,Jis L+ 2019
Energizer EP95JX;595405083 6742 ENERGIZER PLUS, 95Ah, L+ CZ
Energizer EP95JX;595405083 I162 EP95JX ENERGIZER PLUS, 95Ah, L+
Energizer AGM EA95L5;595901085 182 EA95-L5 ENERGIZER AGM 95Ah, R+
Energizer AGM EA95L5;595901085 C572 ENERGIZER AGM, 95Ah,R+
Energizer AGM EA95L5;595901085 C572 ENERGIZER AGM, 95Ah,R+ 2019
Energizer AGM EA95L5;595901085 C572 ENERGIZER AGM, 95Ah,R+ DE
Varta Silver Dynamic AGM  G14 95.0;595901085 D852 VARTA Silver DYN AGM  G14 95Ah R+ AGM
Varta Silver Dynamic H3 100.0;600 402 083 3162 VARTA Silver Dynamic H 3 100Ah St
Varta Silver Dynamic H3 100.0;600402083 3162 VARTA Silver Dynamic H3 100Ah St R+
Energizer EM100L5;600402083 6732 EM100-L5 ENERGIZER PREMIUM 100Ah, R+
Energizer EM100L5;600402083 6732 EM100-L5 ENERGIZER PREMIUM, 100Ah, R+
Energizer EM100L5;600402083 6732 EM100-L5 ENERGIZER PREMIUM, 100Ah, R+2019
Energizer AGM EA105L6;605901095 182 EA105-L6 ENERGIZER AGM, 105Ah,R+
Energizer AGM EA105L6;605901095 C572 ENERGIZER AGM, 105Ah, DE
Energizer AGM EA105L6;605901095 C572 ENERGIZER AGM, 105Ah,R+ DE
Varta Silver Dynamic AGM H15 105.0;605901095 D852 VARTA Silver DYN AGM H15 105 R+
Energizer EM110L6;610047068 А812  ENERGIZER COMMERCIAL,FR 110 R+
Energizer EM110L6;610048068 А812  ENERGIZER COMMERCIAL,FR 110 L+
Energizer EM110L6;610402092 172 EM110-L6 ENERGIZER PREMIUM, 110Ah, R+
Varta Silver Dynamic I1 110.0;610402092 3162 VARTA Silver Dynamic I1 110 Ah St R+
Energizer EM110L6;610402092 6732 ENERGIZER PREMIUM, 110Ah, R+
Energizer EM110L6;610402092 6732 ENERGIZER PREMIUM, 110Ah,R+2019
Energizer EC25;625012072  А812  ENERGIZER COMMERCIAL,CZ  125 R+
Energizer EC26;625014072  А812  ENERGIZER COMMERCIAL,CZ  125 L+
Energizer ECP1 140Ah;640036076 I192 ES7 ENERGIZER COMM,  140Ah
Energizer ECP1 140Ah;640103080 A822 ECP1 ENERGIZER COMM. PREMIUM, 140Ah,
Energizer ECP1 140Ah;640103080 A822 ECP1 ENERGIZER COMM. PREMIUM, 140Ah, 2019
Energizer ECP1 140Ah;640103080 A822 ENERGIZER COMM. PREMIUM, 140Ah,
Energizer ECP3 180Ah ;680033110  А812  ENERGIZER COMMERCIAL,CZ 180
Energizer ECP3 180Ah ;680033110 I192EC6 ENERGIZER COMM 180Ah
Varta Promotive SHD M18 180.3;680108100 A722 VARTA Promotive SHD M18 180Ah
Energizer ECP3 180Ah ;680108100 A822 ENERGIZER COMM. PREMIUM, 180Ah, CZ
Energizer ECP3 180Ah ;680108100 A822 ENERGIZER COMM. PREMIUM, 180Ah, CZ 2019
Forlux L5.100.0;6CT- 100.0 VL FORLUX
Forlux L5.100.1;6CT- 100.1 VL FORLUX
Forlux A.140.3;6CT-140.3 VL FORLUX
Forlux B.192.3;6CT-192.3 VL FORLUX
Forlux L2.60.0;6CT-60.0 VL FORLUX
Forlux L2.60.1;6CT-60.1 VL FORLUX
Forlux L2.65.0;6CT-65.0 VL FORLUX
Forlux L2.65.1;6CT-65.1 VL FORLUX
Forlux L2.70.0;6CT-70.0 VL FORLUX
Forlux L3.74.0;6CT-74.0 VL FORLUX
Forlux L3.74.1;6CT-74.1 VL FORLUX
Forlux L5.92.0;6CT-92.0 VL FORLUX
Westa L5.100.0;6СТ-100 A (0) Westa
Westa L5.100.1;6СТ-100 A (1) Westa
Westa A.140.3;6СТ-140 A  Westa
KB.190.4T;6СТ-190 АПЗ камина болт
Westa B.192.3;6СТ-192 A  Westa
Westa C.225.3;6СТ-225 A  Westa
Westa LB2.60.0;6СТ-60 A (0) Westa
Westa LB2.60.1;6СТ-60 A (1) Westa
Westa L2.65.0;6СТ-65 A (0) Westa
Westa L2.65.1;6СТ-65 A (1) Westa
Westa L3.70.0;6СТ-70 A (0) Westa
Westa L3.74.0;6СТ-74 A (0) Westa
Westa L3.74.1;6СТ-74 A (1) Westa
Westa L5.92.0;6СТ-92 A (0) Westa
Varta Promotive AGM A1 210.3;710901120 E652 VARTA Promotive AGM A1 210Ah
Energizer EC5 220Ah ;720018115 A812 EC5 ENERGIZER COMMERCIAL, 220Ah, L+
Varta Promotive SHD N9 225.3;725103115 A722 VARTA Promotive SHD N9 225Ah
Energizer ECP4 225Ah ;725103115 A822  ENERGIZER COMMERCIAL PREMIUM, 225Ah,L+ CZ
Energizer ECP4 225Ah ;725103115 A822 ECP4 ENERGIZER COMMERCIAL PREMIUM, 225Ah,L+
Energizer ECP4 225Ah ;725103115 A822 ECP4 ENERGIZER COMMERCIAL PREMIUM, 225Ah,L+2019
Energizer ECP4 225Ah ;725103115 I202 ECP4 ENERGIZER COMMERCIAL PREMIUM, 225Ah,L+
undefined;804250000  8882 OPTIMA (RT U 4.2) 50Ah R+
Titan Arctic D23.65.0;Arctic Asia  65 пр+ (серый)
Titan Arctic D26.80.0;Arctic Asia  80 пр+ (серый)
Titan Arctic D31.95.0;Arctic Asia  95 пр+ (серый)
Titan Arctic D23.65.0;ARCTIC ASIA 6СТ- 65.0 VL
Titan Arctic D26.80.0;ARCTIC ASIA 6СТ-80.(0) VL
Titan Arctic D26.80.0;ARCTIC ASIA 6СТ-80.0 VL
Titan Arctic D26.80.1;ARCTIC ASIA 6СТ-80.1 VL
Titan Arctic D31.95.0;ARCTIC ASIA 6СТ-95.(0) VL
Titan Arctic D31.95.1;ARCTIC ASIA 6СТ-95.(1) VL
Titan Arctic D31.95.0;ARCTIC ASIA 6СТ-95.0 VL
Titan Arctic D31.95.1;ARCTIC ASIA 6СТ-95.1 VL
Titan Arctic EFB L2.60.0;Arctic Titan  EFB 60 пр+(серый)
B24.50.0;Asia 6СТ-50 АПЗ евро
Bars L5.100.1;BARS 100 лв+ (нов) (черный корп.синий руч.),шт
Bars L5.100.0;BARS 100 пр+ (нов) (черный корп.синий руч.),шт
Bars 3CT;Bars 3СТ-215 АПЗ
Bars L2.62.1;BARS 62 лв+ нов.(черный корп/ синий руч.),шт
Bars L2.62.1;BARS 62 лв+ обсл.(бел.)
Bars L2.62.1;BARS 62 лв+ обсл.(черный.)
Bars L2.62.0;BARS 62 пр+ нов.(чер.кор/ синий руч.),шт
Bars L2.62.0;BARS 62 пр+ обсл.(бел.)
Bars L2.62.0;BARS 62 пр+ обсл.(черный.)
Bars L5.100.0;Bars 6СТ-100 АПЗ (обл) евро
Bars L5.100.1;Bars 6СТ-100 АПЗ (обл) простой
Bars L2.62.0;Bars 6СТ-62 АПЗ (обл) евро
Bars L2.62.1;Bars 6СТ-62 АПЗ (обл) простой
Bars L3.77.0;Bars 6СТ-77 АПЗ (обл.) евро
Bars L3.77.1;Bars 6СТ-77 АПЗ (обл.) простой
Bars L3.77.1;BARS 77 лв + (белый) (обсл)
Bars L3.77.1;BARS 77 лв+ нов.(черный корп/ синий руч.)
Bars L3.77.0;BARS 77 пр+ (белый) (обсл)
Bars L3.77.0;BARS 77 пр+ нов.(черный корп/ синий руч.)
Bars L5.77.1;BARS 90 лв+ (нов) (черный корп.синий руч.)
Bars L5.77.0;BARS 90 пр+ (нов) (черный корп.синий руч.)
Bars B19.42.1B;BARS Asia  42 лв+ JIS ЧЕРНЫЙ ( тонк.кл)
Bars B19.42.0B;BARS Asia  42 пр+ JIS серый (тон.кл)
Bars B19.42.0B;BARS Asia  42 пр+ JIS ЧЕРНЫЙ (тон.кл)
Bars B24.50.1B;BARS Asia  50 лв+ JIS тонкий кл.(черный)
Bars B24.50.0;BARS Asia  50 пр+ JIS толс кл.(черный)
Bars B24.50.0;BARS Asia  50 пр+ JIS тонкий кл.(черный)
Bars D23.65.1;BARS Asia  65 лв+ JIS (черный)
Bars D23.65.0;BARS Asia  65 пр+ JIS (черный)
Bars D26.75.1;BARS Asia  75 лв+ JIS (черный)
Bars D26.75.0;BARS Asia  75 пр+ JIS (черный)
Bars D31.100.1;BARS Asia 100 JIS лв.+(черный)
Bars D31.100.0;BARS Asia 100 JIS пр.+( черный)
Bars D31.100.0;Bars Asia 6СТ-100 АПЗ евро
Bars D31.100.1;Bars Asia 6СТ-100 АПЗ простой
Bars B19.42.0B;Bars Asia 6СТ-42 АПЗ (тон.кл) евро
Bars B19.42.1B;Bars Asia 6СТ-42 АПЗ (тон.кл) простой
Bars B24.50.0;Bars Asia 6СТ-50 АПЗ (тол.кл) евро
Bars B24.50.0B;Bars Asia 6СТ-50 АПЗ (тон.кл) евро
Bars B24.50.1B;Bars Asia 6СТ-50 АПЗ (тон.кл) простой
Bars D23.65.0;Bars Asia 6СТ-65 АПЗ евро
Bars D23.65.1;Bars Asia 6СТ-65 АПЗ простой
Bars D26.75.0;Bars Asia 6СТ-75 АПЗ евро
Bars D26.75.1;Bars Asia 6СТ-75 АПЗ простой
Bars EFB.L3.70.0;Bars EFB 6СТ-70 АПЗ евро
Bars EFB.L5.95.0;Bars EFB 6СТ-95 АПЗ евро
Bars EFB.L5.95.1;Bars EFB 6СТ-95 АПЗ простой
Bars A.132.3;Bars Euro 6СТ-132 АПЗ
Bars A.140.3;Bars Euro 6СТ-140 АПЗ
Bars B.190.3;Bars Euro 6СТ-190 АПЗ
Bars B.210.3;Bars Euro 6СТ-210 АПЗ
Bars C.230.3;Bars Euro 6СТ-230 АПЗ
Bars L2.62.1;BARS GOLD  62 лв+ (бел.)
Bars L2.62.0;BARS GOLD  62 пр+ (бел.)
Bars L3.77.1;BARS GOLD  77 лв+ (белый)
Bars L3.77.0;BARS GOLD  77 пр+ (белый)
Bars L5.100.1;BARS GOLD 100 лв+ (бел.)
Bars L5.100.0;BARS GOLD 100 пр+ (бел.)
Bars L5.100.0;BARS GOLD 100 пр+ (черный)
Bars L5.100.0;Bars Gold 6СТ-100 АПЗ евро
Bars L5.100.1;Bars Gold 6СТ-100 АПЗ простой
Bars L2.62.0;Bars Gold 6СТ-62 АПЗ евро
Bars L2.62.1;Bars Gold 6СТ-62 АПЗ простой
Bars L3.77.0;Bars Gold 6СТ-77 АПЗ евро
Bars L3.77.1;Bars Gold 6СТ-77 АПЗ простой
Bars L5.100.1;Bars Premium 6СТ-100 АПЗ простой
Bars L2.55.0;Bars Premium 6СТ-55 АПЗ евро
Bars L2.60.0;Bars Premium 6СТ-60 АПЗ евро
Bars L2.60.1;Bars Premium 6СТ-60 АПЗ простой
Bars L2.55.1;BARS Silver  55 лв+ (новый)(черн.кор/синий руч.)
Bars L2.60.1;BARS Silver  60 лв+ (нов) (черный корп.синий кр.) , шт
Bars L2.60.1;BARS Silver  60 лв+ (обсл) черн
Bars LB2.60.0;BARS Silver  60 пр+  НИЗ.нов (бел.корпус/черн.кр. синний руч)
Bars L2.60.0;BARS Silver  60 пр+ (нов) (черный корп.син. ручка.).шт
Bars L2.60.0;BARS Silver  60 пр+ (обсл) черн
Bars LB2.60.0;BARS Silver  60 пр+ (обсл.) НИЗ. (бел.корпус/черн.крышка)
Bars L3.66.1;BARS Silver  66 лв+ (обсл) черн
Bars L3.75.1;BARS Silver  75 лв+ (нов) (черный корп.синий кр.),шт
Bars L3.75.1;BARS Silver  75 лв+ (обсл) черн
Bars LB3.75.1;BARS Silver  75 лв+ (обсл.) НИЗ (бел.корпус/черн.кр)
Bars LB3.75.1;BARS Silver  75 лв+ НИЗ (новый)(черн.кор/синий руч.)
Bars LB3.75.0;BARS Silver  75 пр+  НИЗ.новый (бел.корпус/син.ручка)
Bars L3.75.0;BARS Silver  75 пр+ (нов) (черный корп.синий руч.)
Bars L3.75.0;BARS Silver  75 пр+ (обсл) черн.
Bars LB3.75.0;BARS Silver  75 пр+ (обсл.) НИЗ. (бел.корпус/черн.крышка)
Bars L5.90.1;BARS Silver  90 лв+ (обсл) черный
Bars L5.90.0;BARS Silver  90 пр+ (обсл) (черный)
Bars A.132.3;BARS Silver 132  конус
Bars A.132.3;BARS Silver 132 (евро) черный
Bars A.140.3;BARS Silver 140  евро ( черный)
Bars B.190.3;BARS Silver 190  (Евро)  черный
Bars KB.190.4;BARS Silver 190  камина конус (черный)
Bars KB.190.4T;BARS Silver 190 камина  болт (черный),шт
Bars PB.190.4T;BARS Silver 190 плоский болт ( черный)
Bars KB.210.4T;BARS Silver 210 камиина болт (черный)
Bars 3CT;BARS Silver 215 (черный)
Bars KB.190.4T;Bars Silver 6СТ-190 АПЗ  камина болт
Bars KB.190.4;Bars Silver 6СТ-190 АПЗ  камина конус
Bars PB.190.4T;Bars Silver 6СТ-190 АПЗ  плоский болт
Bars PB.190.4;Bars Silver 6СТ-190 АПЗ  плоский конус
Bars KB.210.4T;Bars Silver 6СТ-210 АПЗ  камина болт
Bars KB.210.4;Bars Silver 6СТ-210 АПЗ  камина конус
Bars LB2.60.0;Bars Silver 6СТ-60 АПЗ (низ) евро
Bars LB2.60.1;Bars Silver 6СТ-60 АПЗ (низ) простой
Bars L2.60.0;Bars Silver 6СТ-60 АПЗ евро
Bars L2.60.1;Bars Silver 6СТ-60 АПЗ простой
Bars LB3.75.0;Bars Silver 6СТ-75 АПЗ (низ) евро
Bars LB3.75.1;Bars Silver 6СТ-75 АПЗ (низ) простой
Bars L3.75.0;Bars Silver 6СТ-75 АПЗ евро
Bars L3.75.1;Bars Silver 6СТ-75 АПЗ простой
Bars L5.90.0;Bars Silver 6СТ-90 АПЗ евро
Bars L5.90.1;Bars Silver 6СТ-90 АПЗ простой
Bars C.230.3;BARS ЕВРО 230 (черный)
Bars L2.62.0;Bars обл 6СТ-62 АПЗ евро
Bars L3.77.0;Bars обл 6СТ-77 АПЗ евро
BOLK L5.100.1;BOLK 6СТ-100 АПЗ простой
BOLK A.132.4;BOLK 6СТ-132 АПЗ плоский конус
BOLK B.190.4T;BOLK 6СТ-190 АПЗ плоский болт
BOLK B.190.4;BOLK 6СТ-190 АПЗ плоский конус
BOLK B19.42.0B;BOLK 6СТ-42 АПЗ Jis  (тон.кл.)евро
BOLK L2.55.1;BOLK 6СТ-55 АПЗ простой
BOLK L2.60.0;BOLK 6СТ-60 АПЗ евро
BOLK L2.60.1;BOLK 6СТ-60 АПЗ простой
BOLK L3.75.0;BOLK 6СТ-75 АПЗ евро
BOLK L3.75.1;BOLK 6СТ-75 АПЗ простой
BOLK L5.90.0;BOLK 6СТ-90 АПЗ евро
BOLK L5.90.1;BOLK 6СТ-90 АПЗ простой
Crona D23.65.0;Crona 65 пр+ Jis (красный)
Crona A.132.3;Crona 6СТ-132 АПЗ евро
Crona B.190.3;Crona 6СТ-190 АПЗ евро
Crona KB.190.4T;Crona 6СТ-190 АПЗ камина болт
Crona L2.60.0;Crona 6СТ-60 АПЗ евро
Crona L2.60.1;Crona 6СТ-60 АПЗ простой
Crona L3.75.0;Crona 6СТ-75 АПЗ евро
Crona L3.75.1;Crona 6СТ-75 АПЗ простой
Crona L5.90.0;Crona 6СТ-90 АПЗ евро
Crona L5.90.1;Crona 6СТ-90 АПЗ простой
Crona B24.50.1;Crona Азия 6СТ-50 АПЗ простой
Crona D26.75.1;Crona Азия 6СТ-75 АПЗ простой
Damper L2.60.0;Damper 6СТ-60 АПЗ евро
Damper L2.60.1;Damper 6СТ-60 АПЗ простой
Damper L3.75.0;Damper 6СТ-75 АПЗ евро
Damper L3.75.1;Damper 6СТ-75 АПЗ простой
Element L2.60.0;Element 6СТ-60 АПЗ евро
Enet Top L5.90.0;ENEP TOP st.plus 6СТ-90 АПЗ евро
Enet Top L5.100.0;ENEP ТOP st.plus 6CT-100 АПЗ евро
Enet Top L5.100.1;ENEP ТOP st.plus 6СТ-100 АПЗ простой
Energizer EP35JTP;Energizer  35 пр+ Jis (Plus.Jtp)
Energizer EP45JXTP;Energizer  45 лв+ Jis тон.кл(Plus.JX)
Energizer EP45JTP;Energizer  45 пр+ Jis/тонк.кл (Plus.Jtp)
Energizer E-L1400;Energizer  45 пр+ толс.кл.(Plus.L1)
Energizer EP52L1;Energizer  52 пр+  (Plus.L1)
Energizer EP60JX;Energizer  60 лв+ Jis (Plus.J)
Energizer EP60L2;Energizer  60 пр+  (Plus.L2) станд.
Energizer EM60LB2;Energizer  60 пр+  (Premium.LB2) низкий
Energizer EP60J;Energizer  60 пр+ Jis (Plus.J)
Energizer EP68JX;Energizer  68 лв+ Jis (Plus.Jx)
Energizer EP68J;Energizer  68 пр+ Jis (Plus.J)
Energizer EP70L3X;Energizer  70 лв+ (Plus.L3X)
Energizer EP70L3;Energizer  70 пр+ (Plus.L3)
Energizer EP74L3;Energizer  74 пр+ (Plus.L3)
Energizer EP95JX;Energizer  95 лв+  (Plus.Jis)
Energizer EP95JX;Energizer  95 лев+ Jis (Plus.Jx)
Energizer EP95J;Energizer  95 пр+  (Plus.Jis)
Energizer EP95L5;Energizer  95 пр+  (Plus.L5)
Energizer AGM EA95L5;Energizer  95 пр+ (Premium AGM.L5) серый (обл)
Energizer EM100L5;Energizer 100 пр+ (Premium.L5)
Energizer EM110L6;Energizer 110 пр+ (Premium.L6) обл.
Energizer ECP3 180Ah ;Energizer 180 Евро пр+
Energizer EC5 220Ah ;Energizer 220 лв+ (Commercial)
Energizer EC5 220Ah ;Energizer 225 лв+ (Commercial)
Energy One L5.100.0;Energy One 6СТ-100 АПЗ евро
Energy One L2.60.0;Energy One 6СТ-60 АПЗ евро
Energy One L2.60.1;Energy One 6СТ-60 АПЗ простой
Energy One L3.75.0;ENERGY ONE 6СТ-75 АПЗ евро
Feon B19.42.0B;Feon 6СТ-42 АПЗ Jis (тон.кл.) евро
Feon L2.60.1;Feon 6СТ-60 АПЗ простой
Fire Ball L2.60.0;Fire Ball  60 пр+ (Украина)
Fire Ball L3.77.0;Fire Ball  77 пр+ (Украина)
Fire Ball L5.100.0;Fire Ball 100 пр+ (Украина)
Fire Ball A.140.3;Fire Ball 140 (Украина)
Fire Ball B.190.3;Fire Ball 190 (Украина)
Fireball L5.100.0;Fireball Premium 6СТ-100 АПЗ евро
Fireball L1.50.0;Fireball Premium 6СТ-50 АПЗ евро
Fireball L2.62.0;Fireball Premium 6СТ-62 АПЗ евро
Fireball L3.77.0;Fireball Premium 6СТ-77 АПЗ евро
Forlux LB2.60.0;FORLUX  60  пр+ (Россия)
Forlux LB2.60.0;FORLUX  60 лв + (Украина)
Forlux LB2.60.0;FORLUX  60 пр+ (Украина)
Forlux L2.65.0;FORLUX  65 пр+ (Украина)
Forlux L2.65.0;FORLUX  65 пр+ (Украина) 2019
Forlux L3.70.0;FORLUX  70 пр+ (Россия)
Forlux L3.70.0;FORLUX  70 пр+ (Украина)
Forlux L3.70.0;FORLUX  70 пр+ (Украина) 2019
Forlux L3.74.0;FORLUX  74  пр+ (Украина)
Forlux L3.74.0;FORLUX  74  пр+ (Украина) 2019
Forlux L5.92.0;FORLUX  92  пр+ (Украина)
Forlux L5.92.0;FORLUX  92  пр+ (Украина) 2019
Forlux L5.100.0;FORLUX 100  пр+ (Украина)
Forlux L5.100.0;FORLUX 100  пр+ (Украина) 2019
Forlux B.192.3;FORLUX 192  пр+ (Украина)
Forlux L5.100.0;FORLUX 6CT-100.0 VL
Forlux B.190.3;FORLUX 6CT-190.3 VL
Forlux L2.60.0;FORLUX 6CT-60.0 VL
Forlux L2.60.1;FORLUX 6CT-60.1 VL
Forlux L2.62.0;FORLUX 6CT-62.0 VL
Forlux L3.70.0;FORLUX 6CT-70.0 VL
Forlux L3.75.0;FORLUX 6CT-75.0 VL
Forlux L5.90.0;FORLUX 6CT-90.0 VL
Forward L2.60.0;FORWARD  60 пр+ (Россия)
Forward L3.75.0;FORWARD  75 пр+ (Россия)
Forward L5.91.0;FORWARD  91 пр+ (Россия)
Forward A.140.3;FORWARD 140 (Россия)
Forward B.190.3;FORWARD 190 (Россия)
Hankook 75B24R 55.1;Hankook  55 L+ Jis тон.кл.(UMF75B24R)
Hankook 56077 60.0;Hankook  60 R+ (56077 )
Hankook 55D23L 60.0;Hankook  60 R+ Jis (MF 55D23L)
Hankook 56219 62.0;Hankook  62 R+ (MF 56219)
Hankook 75D23L 65.0;Hankook  65 R+ Jis (MF 75D23L)
Hankook 80D26R 70.1;Hankook  70 L+ Jis (MF 80D26R)
Hankook 80D26L 70.0;Hankook  70 R + Jis (MF 80D26L)
Hankook 57113 72.0;Hankook  72 R+ (MF 57113)
Hankook DT630 75.1;Hankook  75L+ Jis (75 DT -630)
Hankook DT750 78.0;Hankook  78L+ Jis (78 DT -750)
Hankook 115D26L 85.0;Hankook  85 R+ Jis (UMF 115D26L)
Hankook 105D31R 90.1;Hankook  90 L+ Jis (MF 105D31R)
Hankook 105D31L 90.0;Hankook  90 R + Jis (MF 105D31L)
Hankook 115D31L 95.0;Hankook  95 R+ Jis (UMF 115D31L)
Hankook 60038 100.0;Hankook 100 R+ (60038)
Hankook 60500 105.0;Hankook 105 R+ (UMF 60500)
Hankook 61000 110.0;Hankook 110 R (MF 61000)
Hyper L2.60.1;HYPER  60 лв+ (Россия)
Hyper L2.60.0;HYPER  60 пр+ (Россия)
Hyper L2.60.0;HYPER  60 пр+ (Украина)
Hyper L3.75.0;HYPER  75 пр+ (Россия)
Hyper L3.75.0;HYPER  75 пр+ (Украина)
Hyper L5.91.0;HYPER  91 пр+ (Россия)
Hyper L5.100.0;HYPER 100 пр+ (Россия)
Hyper L5.100.0;HYPER 100 пр+ (Украина)
Hyper A.140.3;HYPER 140 (Россия)
Hyper B.190.3;HYPER 190 (Россия)
Hyper B.190.3;HYPER 190 пр+ (Украина)
Hyundai 42B19L 35Ah R;HYUNDAI ENERGY  35AH, МОДЕЛЬ: 42B19L (12VX35AH)
Hyundai 42B19R 35Ah L;HYUNDAI ENERGY  35AH, МОДЕЛЬ: 42B19R (12VX35AH)
Hyundai 42B19L 35Ah R;HYUNDAI ENERGY  38AH, МОДЕЛЬ: 42B19L (12VX38AH)
Hyundai 55B24L 45Ah R;HYUNDAI ENERGY  45AH МОДЕЛЬ: 55B24L (12VX45AH)
Hyundai 55B24LS 45Ah R;HYUNDAI ENERGY  45AH МОДЕЛЬ: 55B24LS (12VX45AH)
Hyundai 55B24R 45Ah L;HYUNDAI ENERGY  45AH МОДЕЛЬ: 55B24R (12VX45AH)
Hyundai 55066 50Ah R;HYUNDAI ENERGY  50AH  МОДЕЛЬ: 55066
Hyundai 55D23L 60Ah R;HYUNDAI ENERGY  60AH МОДЕЛЬ: 55D23L (12VX60AH)
Hyundai 56077 60Ah R;HYUNDAI ENERGY  60AH МОДЕЛЬ: 56077 (12VX60AH)
Hyundai 56219 62Ah R;HYUNDAI ENERGY  62AH  МОДЕЛЬ: 56219
Hyundai 75D23L 65Ah R;HYUNDAI ENERGY  65AH МОДЕЛЬ: 75D23L (12VX65AH)
Hyundai 57540 75Ah R;HYUNDAI ENERGY  75AH  МОДЕЛЬ: 57540 (12VX75AH)
Hyundai 57539 75Ah R;HYUNDAI ENERGY  75AH МОДЕЛЬ: 57539
Hyundai 80D26L 75Ah R;HYUNDAI ENERGY  75AH МОДЕЛЬ: 80D26L (12VX75AH)
Hyundai 80D26R 75Ah L;HYUNDAI ENERGY  75AH МОДЕЛЬ: 80D26R (12VX75AH)
Hyundai 105D31L 90Ah R;HYUNDAI ENERGY  90AH МОДЕЛЬ: 105D31L (12VX90AH)
Hyundai 105D31R 90Ah L;HYUNDAI ENERGY  90AH МОДЕЛЬ: 105D31R (12VX90AH)
Hyundai 115D31L 100Ah R;HYUNDAI ENERGY 100AH МОДЕЛЬ: 115D31L (12VX100AH)
Hyundai 115D31R 100Ah L;HYUNDAI ENERGY 100AH МОДЕЛЬ: 115D31R (12VX100AH)
Hyundai 31-1000 100Ah;HYUNDAI ENERGY 100AH МОДЕЛЬ: 31-1000 (12VX100AH)
Hyundai 31-1000T 100Ah;HYUNDAI ENERGY 100AH МОДЕЛЬ: 31-1000T (12VX100AH)
Hyundai 60038 100Ah R;HYUNDAI ENERGY 100AH МОДЕЛЬ: 60038 (12VX100AH)
Hyundai 60044 100Ah R;HYUNDAI ENERGY 100AH МОДЕЛЬ: 60044 (12VX100AH)
Hyundai 130E41R 110Ah L;HYUNDAI ENERGY 110AH МОДЕЛЬ: 130E41R (12VX110AH)
Istok L3.75.0;Istock  75 пр+ (Россия)
Istok L3.77.0;Istock  77 пр+ (Украина)
Istok A.140.3;Istock 140 (Россия)
Istok B.190.3;Istock 190 (Россия)
Istok B.190.3;Istock 190 (Украина) 2019
Istok L5.100.0;Istock Exp. 100 (Россия)
Istok A.140.3;Istock Standart 140 (Россия)
Istok L2.60.0;Istok  60 пр+ (Россия)
Istok L5.100.0;Istok 100 пр+ (Украина)
Istok A.140.3;Istok 140 (Украина)
Istok L2.60.0;Istok 60 пр+(Украина)
Kainar L5.100.0;KAINAR  6СТ-100 АПЗ евро
Kainar L2.60.0;KAINAR  6СТ-60 АПЗ евро
Kainar LB2.60.0;KAINAR  6СТ-60 АПЗ евро (низ)
Kainar L2.60.1;KAINAR  6СТ-60 АПЗ простой
Kainar L2.62.0;KAINAR  6СТ-62 АПЗ евро
Kainar L2.62.1;KAINAR  6СТ-62 АПЗ простой
Kainar L5.100.0;KAINAR 6СТ-100 АПЗ евро
Kainar L5.100.1;KAINAR 6СТ-100 АПЗ простой
Kainar A.132.3;KAINAR 6СТ-132 АПЗ евро
Kainar A.140.3;KAINAR 6СТ-140 АПЗ евро
Kainar B.190.3;KAINAR 6СТ-190 АПЗ евро
Kainar KB.190.4T;KAINAR 6СТ-190 АПЗ камина болт
Kainar PB.190.4T;KAINAR 6СТ-190 АПЗ плоский болт
Kainar B.210.3;KAINAR 6СТ-210 АПЗ евро
Kainar C.230.3;KAINAR 6СТ-230 АПЗ евро
Kainar LB2.60.0;KAINAR 6СТ-60 АПЗ (низ) евро
Kainar L2.60.0;KAINAR 6СТ-60 АПЗ евро
Kainar L2.60.1;KAINAR 6СТ-60 АПЗ простой
Kainar LB3.75.0;KAINAR 6СТ-75 АПЗ (низ) евро
Kainar LB3.75.1;KAINAR 6СТ-75 АПЗ (низ) простой
Kainar L3.75.0;KAINAR 6СТ-75 АПЗ евро
Kainar L3.75.0;KAINAR 6СТ-75 АПЗ евро+
Kainar L3.75.1;KAINAR 6СТ-75 АПЗ простой
Kainar L5.90.0;KAINAR 6СТ-90 АПЗ евро
Kainar L5.90.1;KAINAR 6СТ-90 АПЗ простой
Kainar B24.50.0B;Kainar Asia  50 пр+ JIS тон.кл(желт. корпус/черн.крышка)
Kainar D23.65.0;Kainar Asia  65 пр+ JIS (серый корпус/черн.крышка)
Uragan D31.100.0;KAINAR Asia 6СТ-100 АПЗ евро
Kainar D31.100.1;KAINAR Asia 6СТ-100 АПЗ простой
Kainar B19.42.0B;KAINAR Asia 6СТ-42 АПЗ евро
Kainar B19.42.1B;KAINAR Asia 6СТ-42 АПЗ простой
Kainar B24.50.0B;KAINAR Asia 6СТ-50 АПЗ евро ( тон.кл)
Kainar B24.50.1;KAINAR Asia 6СТ-50 АПЗ простой
Kainar D23.65.0;KAINAR Asia 6СТ-65 АПЗ евро
Kainar D23.65.1;KAINAR Asia 6СТ-65 АПЗ простой
Uragan D26.75.0;KAINAR Asia 6СТ-75 АПЗ евро
Kainar D26.75.1;KAINAR Asia 6СТ-75 АПЗ простой
Kainar EFB.L2.60.0;KAINAR EFB 6СТ-62 АПЗ евро
Kainar EFB.L3.70.0;KAINAR EFB 6СТ-70 АПЗ евро
Kainar EFB.L3.70.0;KAINAR EFB 6СТ-70 АПЗ евро+
Kainar EFB.L3.70.1;KAINAR EFB 6СТ-70 АПЗ простой
Kainar EFB.L5.95.1;KAINAR EFB 6СТ-95 АПЗ евро
Kainar L2.62.0;KAINAR Gold 6СТ-62 АПЗ евро
Kainar L2.62.1;KAINAR Gold 6СТ-62 АПЗ простой
Kainar L3.77.0;KAINAR Gold 6СТ-77 АПЗ евро
Kainar L3.77.1;KAINAR Gold 6СТ-77 АПЗ простой
Kainar L5.100.0;KAINAR Premium 6СТ-100 АПЗ евро
Kainar L5.100.1;KAINAR Premium 6СТ-100 АПЗ простой
Kainar L2.65.0;KAINAR Premium 6СТ-65 АПЗ простой
Kainar LB3.75.0;KAINAR Premium 6СТ-75 АПЗ (низ) евро
Kainar L3.75.0;KAINAR Premium 6СТ-75 АПЗ евро
Kainar L3.77.0;KAINAR Premium 6СТ-77 АПЗ евро
Kainar L3.77.1;KAINAR Premium 6СТ-77 АПЗ простой
Kainar L5.90.0;KAINAR Premium 6СТ-90 АПЗ евро
Kameoc L3.75.0;KAMEOC 6СТ-75 АПЗ евро
Karhu B19.42.0B;Karhu 6СТ-42 Jis АПЗ (тон.кл.) евро
Karhu D31.90.0;Karhu 6СТ-90 АПЗ  евро
Karhu L3.77.1;Karhu 77 лв+ GOLD (син.корпус/бел.крышка)
Karhu L3.77.1;Karhu 77 пр+ GOLD (син.корпус/бел.крышка)
Lab B19.42.0B;Lab Azia 6СТ-42 Jis АПЗ (тон.кл.) евро
Lab B19.42.1B;Lab Azia 6СТ-42 Jis АПЗ (тон.кл.) простой
Macnum KB.190.4T;MACNUM 6СТ-190 АПЗ камина болт
Macnum L2.55.0;MACNUM 6СТ-55 АПЗ евро
Macnum L2.60.0;MACNUM 6СТ-60 АПЗ евро
Macnum L2.60.1;MACNUM 6СТ-60 АПЗ простой
Macnum L3.75.0;MACNUM 6СТ-75 АПЗ евро
Macnum L3.75.1;MACNUM 6СТ-75 АПЗ простой
Macnum L5.90.0;MACNUM 6СТ-90 АПЗ евро
Magnum L2.60.0;Magnum 6СТ-60 АПЗ евро
Magnum L2.60.1;Magnum 6СТ-60 АПЗ простой
Magnum L3.75.0;Magnum 6СТ-75 АПЗ евро
Mars C.230.3;Mars Euro 6СТ-230 АПЗ
Medalist 105D31L;Medalist 105D31L
Medalist 105D31R;Medalist 105D31R
Medalist 115D31R;Medalist 115D31R
Medalist 42B19L;Medalist 42B19L (тонк.клем)
Medalist 57024R;Medalist 57024 -70Ah(+ -)
Medalist 57024L;Medalist 57024L
Medalist 57029R;Medalist 57029R -70Ah(-+)
Moto 6 FM-12A;Moto  6 FM/12A   (без электролита)
Moto 6 FM-9A;Moto  6 FM/9A
Moto 12 N7L-4B;Moto 12 N 7L-4B c электр.
Moto 12 N7L-4B;Moto 12 N 7L-4B c электролит.
Moto 12 N7L-4B;Moto 12 N 7L-4В низкий
Moto 12 N7B-3A;Moto 12 N 7В (  с электролитом)
Moto 12 N7B-3A;Moto 12 N 7В (без электролитом)
Moto 12 N5-3B;Moto 12 N5-3В
Moto 12 N7B-3A;Moto 12 N7В-3А
Moto 12 N9-4B;Moto 12 N9-4В
Moto undefined;Moto 12 V/ 4A
Moto undefined;Moto 12 V/ 5A
Moto 12 V-9A;Moto 12 V/ 9A с электролитом
Moto 6 FM-12A;Moto 6 FM/12А
Moto 6 FM-18A;Moto 6 FM/18A
Moto 6 FM-4L;Moto 6 FM/4L
Moto 6 FM-4A;Moto 6 FM/4А
Moto 6 FM-7L;Moto 6 FM/7L
Moto 6 FM-12A;Moto 6 FM-12А
Moto 6 FM-18A;Moto 6 FM-18А
Moto 6 FM-4L;Moto 6 FM-4L
Moto 6 FM-7L;Moto 6 FM-7L низкий
Moto 6 FM-9A;Moto 6 FM-9А
Mutlu В24.55.045.А;Mutlu  55 R+ Jis узский (В24.55.045.А)
Mutlu В24.55.045.А;Mutlu  55 R+ Jis узский (В24.55.045.А) 2019
Mutlu D20.55.045.С;Mutlu  55 R+ квад. (D20.55.045.С)
Mutlu D20.55.045.С;Mutlu  55 R+ квад. (D20.55.045.С) 2017
Mutlu D23.60.052.D;Mutlu  60 L+ Jis (D23.60.052.D) 2019
Mutlu L2.60.054.B;Mutlu  60 L+( L2.60.054.B)
Mutlu L2.60.054.B;Mutlu  60 L+( L2.60.054.B) 2019
Mutlu L2.60.054.A;Mutlu  60 R+  (L2.60.054.A)
Mutlu L2.60.054.A;Mutlu  60 R+  (L2.60.054.A) 2019
Mutlu AGM.L2.60.068.A;Mutlu  60 R+ AGM (L2.60.068.A)
Mutlu D23.60.052.C;Mutlu  60 R+ Jis (D23.60.052.C)
Mutlu D23.60.052.C;Mutlu  60 R+ Jis (D23.60.052.C) 2017
Mutlu D23.60.052.C;Mutlu  60 R+ Jis (D23.60.052.C) 2019
Mutlu L2.63.060.B;Mutlu  63 L+( L2.63.060.B)
Mutlu L2.63.060.B;Mutlu  63 L+( L2.63.060.B) 2019
Mutlu L2.63.060.A;Mutlu  63 R+( L2.63.060.B/L2.63.060.A)
Mutlu L2.63.060.A;Mutlu  63 R+(L2.63.060.A) 2019
Mutlu D23.68.060.D;Mutlu  68 L+ Jis (D23.68.060.D)
Mutlu D23.68.060.D;Mutlu  68 L+ Jis (D23.68.060.D) 2017
Mutlu D23.68.060.D;Mutlu  68 L+ Jis (D23.68.060.D) 2019
Mutlu D23.68.060.C;Mutlu  68 R+ Jis (D23.68.060.C)
Mutlu D23.68.060.C;Mutlu  68 R+ Jis (D23.68.060.C) 2019
Mutlu D26.70.063.D;Mutlu  70 L+ Jis (D26.70.063.D)
Mutlu D26.70.063.D;Mutlu  70 L+ Jis (D26.70.063.D) 2019
Mutlu AGM.L3.70.076.A;Mutlu  70 R+ AGM (L3.70.076.A)
Mutlu D26.70.063.C;Mutlu  70 R+ Jis (D26.70.063.C)
Mutlu D26.70.063.C;Mutlu  70 R+ Jis (D26.70.063.C) 2019
Mutlu L3.75.072 B;Mutlu  75 L+ (L3.75.072 B)
Mutlu L3.75.072 B;Mutlu  75 L+ (L3.75.072 B) 2016
Mutlu L3.75.072 B;Mutlu  75 L+ (L3.75.072 B) 2019
Mutlu D26.75.064.D;Mutlu  75 L+ Jis (D26.75.064.D)
Mutlu D26.75.064.D;Mutlu  75 L+ Jis (D26.75.064.D) 2019
Mutlu L3.75.072 A;Mutlu  75 R+  (L3.75.072 A)
Mutlu L3.75.072 A;Mutlu  75 R+  (L3.75.072 A) 2019
Mutlu LB3.75.072 A;Mutlu  75 R+  (LB3.75.072 A) (низкий)
Mutlu LB3.75.072 A;Mutlu  75 R+  (LB3.75.072 A) (низкий) 2019
Mutlu D26.75.064.C;Mutlu  75 R+ Jis (D26.75.064.C)
Mutlu D26.75.064.C;Mutlu  75 R+ Jis (D26.75.064.C) 2019
Mutlu D26.80.066.D;Mutlu  80 L+ Jis (D26.80.066.D)
Mutlu D26.80.066.D;Mutlu  80 L+ Jis (D26.80.066.D) 2019
Mutlu AGM.L4.80.080.A;Mutlu  80 R+ AGM (L4.80.080.A)
Mutlu AGM.L4.80.080.A;Mutlu  80 R+ AGM (L4.80.080.A) 2017
Mutlu D26.80.066.C;Mutlu  80 R+ Jis (D26.80.066.C)
Mutlu D26.80.066.C;Mutlu  80 R+ Jis (D26.80.066.C) 2019
Mutlu EFB.L4.84.080.A;Mutlu  84 R+ ( EFB.L4.84.080.A)
Mutlu L5.90.072.B;Mutlu  90 L+ (L5.90.072.B)
Mutlu L5.90.072.B;Mutlu  90 L+ (L5.90.072.B) 2019
Mutlu D31.90.072.D;Mutlu  90 L+ Jis (D31.90.072.D)
Mutlu D31.90.072.D;Mutlu  90 L+ Jis (D31.90.072.D) 2019
Mutlu L5.90.072.A;Mutlu  90 R+  (L5.90.072.A) 2016
Mutlu L5.90.072.A;Mutlu  90 R+  (L5.90.072.A) 2017
Mutlu L5.90.072.A;Mutlu  90 R+ (L5.90.072.A)
Mutlu L5.90.072.A;Mutlu  90 R+ (L5.90.072.A) 2019
Mutlu D31.90.072.C;Mutlu  90 R+ Jis (D31.90.072.C)
Mutlu D31.90.072.C;Mutlu  90 R+ Jis (D31.90.072.C) 2019
Mutlu AGM.L5.95.090.A;Mutlu  95 R+ AGM (L5.95.090.A)
Mutlu AGM.L5.95.090.A;Mutlu  95 R+ AGM (L5.95.090.A) 2016
Mutlu AGM.L5.95.090.A;Mutlu  95 R+ AGM (L5.95.090.A) 2019
Mutlu AGM.L4.80.080.A;Mutlu  AGM.L4.80.080.A (12V 80AH)
Mutlu AGM.L5.95.090.A;Mutlu  AGM.L5.95.090.A  (12V 95AH)
Mutlu D31.100.085.C;Mutlu  D31.100.085.C (12V 100AH)
Mutlu L5.100.083.B;Mutlu 100 L+  (L5.100.083.B)
Mutlu L5.100.083.B;Mutlu 100 L+  (L5.100.083.B) 2019
Mutlu D31.100.085.D;Mutlu 100 L+ Jis (D31.100.085.D)
Mutlu D31.100.085.D;Mutlu 100 L+ Jis (D31.100.085.D) 2019
Mutlu L5.100.083.A;Mutlu 100 R+  (L5.100.083.A)
Mutlu L5.100.083.A;Mutlu 100 R+  (L5.100.083.A) 2019
Mutlu D31.100.085.С;Mutlu 100 R+ Jis (D31.100.085.С)
Mutlu D31.100.085.С;Mutlu 100 R+ Jis (D31.100.085.С) 2019
Mutlu С13.105.076.F;Mutlu 105 R+ Jis обл.(С13.105.076.F)
Mutlu С13.105.076.F;Mutlu 105 R+ Jis обл.(С13.105.076.F) 2019
Mutlu D4 135.095.A;Mutlu 135 (1D4 135.095.A)
Mutlu D4 135.095.A;Mutlu 135 (1D4 135.095.A) 2019
Mutlu D5 190.125.A;Mutlu 190 (1D5 190.125.A)
Mutlu D5 190.125.B;Mutlu 190 (1D5 190.125.B) 2019
Mutlu D4.135.095.A;MUTLU 1D4.135.095.A  (12V 135AH)
Mutlu D5.180.120.B;Mutlu 1D5.180.120.B  (12V 180AH)
Mutlu D5.190.125.A;Mutlu 1D5.190.125.A  (12V 190AH)
Mutlu D5.190.125.A;MUTLU 1D5.190.125.A (12V 190AH)
Mutlu D6.200.125.B;Mutlu 1D6.200.125.B  (12V 200AH)
Mutlu D6.225.140.B;Mutlu 1D6.225.140.B  (12V 225AH)
Mutlu D6.225.140.B;MUTLU 1D6.225.140.B (12V 225AH)
Mutlu D6.240.150.B;Mutlu 1D6.240.150.B  (12V 240AH)
Mutlu D6.240.150.B;MUTLU 1D6.240.150.B (12V 240AH)
Mutlu 1SD5.190.120.A;Mutlu 1SD5.190.120.A  (12V 190AH)
Mutlu D6.225.140.B;Mutlu 225 + Евро (1D6.225.140.B)
Mutlu D6.225.140.B;Mutlu 225 + Евро (1D6.225.140.B) 2019
Mutlu D6 240.150.B;Mutlu 240 (1D6 240.150.B)
Mutlu D6 240.150.B;Mutlu 240 (1D6 240.150.B) 2019
Mutlu B20.42.035.H;Mutlu 42 SD-L
Mutlu L0.44.040.A;Mutlu 44 LS
Mutlu L0.44.040.A;Mutlu 44 R+(L0.44.040.A) 2017
Mutlu B24.55.045.E;Mutlu 55 SD-C
Mutlu L2.60.054.B;Mutlu 60  LS-R
Mutlu D23.60.052.C;Mutlu 60  SD-R
Mutlu L2.63.060.A;Mutlu 63 LS-L
Mutlu D26.70.063.C;Mutlu 70 SD-L
Mutlu L5.90.072.B;Mutlu 90 LS-R
Mutlu L5.90.072.A;Mutlu 90 SD-L
Mutlu D31.90.072.D;Mutlu 90 SD-R
Mutlu AGM.L2.60.068.A;Mutlu AGM.L2.60.068.A (12V 60AH)
Mutlu AGM.L3.70.076.A;Mutlu AGM.L3.70.076.A (12V 70AH)
Mutlu AGM.L4.80.080.A;MUTLU AGM.L4.80.080.A (12V 80AH)
Mutlu AGM.L5.95.090.A;MUTLU AGM.L5.95.090.A (12V 95AH)
Mutlu B24.55.045.E;Mutlu B24.55.045.E  (12V 55AH)
Mutlu B24.55.045.E;MUTLU B24.55.045.E (12V 55AH)
Mutlu B24.55.045.F;MUTLU B24.55.045.F (12V 55AH)
Mutlu C13.105.076.F;Mutlu C13.105.076.F  (12V 105AH)
Mutlu C13.105.076.F;MUTLU C13.105.076.F (12V 105AH)
Mutlu D20.55.045.C;MUTLU D20.55.045.C (12V 55AH)
Mutlu D23.60.052.C;Mutlu D23.60.052.C  (12V 60AH)
Mutlu D23.60.052.C;MUTLU D23.60.052.C (12V 60AH)
Mutlu D23.68.060.C;Mutlu D23.68.060.C  (12V 68AH)
Mutlu D23.68.060.C;MUTLU D23.68.060.C (12V 68AH)
Mutlu D23.68.060.D;MUTLU D23.68.060.D (12V 68AH)
Mutlu D26.70.063.C;Mutlu D26.70.063.C  (12V 70AH)
Mutlu D26.70.063.C;MUTLU D26.70.063.C (12V 70AH)
Mutlu D26.70.063.D;MUTLU D26.70.063.D (12V 70AH)
Mutlu D26.75.064.C;Mutlu D26.75.064.C  (12V 75AH)
Mutlu D26.75.064.C;MUTLU D26.75.064.C (12V 75AH)
Mutlu D26.75.064.D;Mutlu D26.75.064.D  (12V 75AH)
Mutlu D26.75.064.D;MUTLU D26.75.064.D (12V 75AH)
Mutlu D26.80.066.C;Mutlu D26.80.066.C  (12V 80AH)
Mutlu D26.80.066.C;MUTLU D26.80.066.C (12V 80AH)
Mutlu D26.80.066.D;MUTLU D26.80.066.D (12V 80AH)
Mutlu D31.100.085.C;MUTLU D31.100.085.C (12V 100AH)
Mutlu D31.100.085.D;Mutlu D31.100.085.D  (12V 100AH)
Mutlu D31.100.085.D;MUTLU D31.100.085.D (12V 100AH)
Mutlu D31.80.067.D;Mutlu D31.80.067.D  (12V 80AH)
Mutlu D31.90.072.C;Mutlu D31.90.072.C  (12V 90AH)
Mutlu D31.90.072.C;MUTLU D31.90.072.C (12V 90AH)
Mutlu D31.90.072.D;Mutlu D31.90.072.D  (12V 90AH)
Mutlu D31.90.072.D;MUTLU D31.90.072.D (12V 90AH)
Mutlu D4.135.095.A;Mutlu D4.135.095.A  (12V 135AH)
Mutlu D5.190.125.A;Mutlu D5.190.125.A  (12V 190AH)
Mutlu D6.225.140.B;MUTLU D6.225.140.B (12V 225AH)
Mutlu L2.60.054.A;Mutlu L2.60.054.A  (12V 60AH)
Mutlu L2.60.054.A;MUTLU L2.60.054.A (12V 60AH)
Mutlu L2.60.054.B;Mutlu L2.60.054.B  (12V 60AH)
Mutlu L2.60.054.B;MUTLU L2.60.054.B (12V 60AH)
Mutlu L2.63.060.A;MUTLU L2.63.060.A (12V 63AH)
Mutlu L2.63.060.B;MUTLU L2.63.060.B (12V 63AH)
Mutlu L2.63.064.A;Mutlu L2.63.064.A  (12V 63AH)
Mutlu L2.63.064.B;Mutlu L2.63.064.B  (12V 63AH)
Mutlu L3.75.072.A;Mutlu L3.75.072.A  (12V 75AH)
Mutlu L3.75.072.A;MUTLU L3.75.072.A (12V 75AH)
Mutlu L3.75.072.B;Mutlu L3.75.072.B  (12V 75AH)
Mutlu L3.75.072.B;MUTLU L3.75.072.B (12V 75AH)
Mutlu L5.100.083.A;Mutlu L5.100.083.A  (12V 100AH)
Mutlu L5.100.083.A;MUTLU L5.100.083.A (12V 100AH)
Mutlu L5.90.072.A;Mutlu L5.90.072.A  (12V 90AH)
Mutlu L5.90.072.A;MUTLU L5.90.072.A (12V 90AH)
Mutlu LB3.75.072.A;Mutlu LB3.75.072.A  (12V 75AH)
Mutlu LB3.75.072.A;MUTLU LB3.75.072.A (12V 75AH)
Next L2.62.1;NEXT  62 лв.+ (обл.) белый
Next L2.62.1;NEXT  62 лв.+ (обл.) черный
Next L2.62.0;NEXT  62 пр.+ (обл.) белый
Next L2.62.0;NEXT  62 пр.+ (обл.) черный
Next L3.77.1;NEXT  77 лв.+ обсл.( черный)
Next L3.77.0;NEXT  77 пр.+ обсл.( черный)
Next L5.100.1;NEXT 100 лв.+ обл.(белый)
Next L5.100.0;NEXT 100 пр.+ обл.(белый)
Next KB.190.4T;Next 6СТ-190 АПЗ камина болт
Next PB.190.4T;Next 6СТ-190 АПЗ плоский болт
Next B19.40.0B;NEXT Asia  40 JIS пр.+ (тон.кл)
Next B19.42.1B;NEXT Asia  42 JIS лв.+ (тон.кл) ЧЕРНЫЙ
Next B19.42.0B;NEXT Asia  42 JIS пр.+ (тон.кл) ЧЕРНЫЙ
Next B24.45.0B;NEXT Asia  45 JIS пр.+ (тон.кл)
Next B24.50.0;NEXT Asia  50 JIS пр.+ (тол.кл)  ЧЕРНЫЙ
Next B24.50.0B;NEXT Asia  50 JIS пр.+ (тон.кл)  ЧЕРНЫЙ
Next D23.65.1;NEXT Asia  65 JIS лев.+  ЧЕРНЫЙ
Next D23.65.0;NEXT Asia  65 JIS пр.+  ЧЕРНЫЙ
Next D26.75.1;NEXT Asia  75 JIS лв+ ЧЕРНЫЙ
Next D26.75.0;NEXT Asia  75 JIS пр.+ ЧЕРНЫЙ
Next D31.100.1;NEXT Asia 100 JIS лв.+ ЧЕРНЫЙ
Next D31.100.0;NEXT Asia 100 JIS пр.+ ЧЕРНЫЙ
Next D31.100.0;Next Asia 6СТ-100 АПЗ евро
Next D31.100.1;Next Asia 6СТ-100 АПЗ простой
Next B19.42.1B;Next Asia 6СТ-42 АПЗ (тон.кл)  простой
Next B19.42.0B;Next Asia 6СТ-42 АПЗ (тон.кл.) евро
Next B24.50.0;Next Asia 6СТ-50 АПЗ (тол.кл)евро
Next B24.50.1B;Next Asia 6СТ-50 АПЗ (тон.кл) простой
Next B24.50.0B;Next Asia 6СТ-50 АПЗ (тон.кл)евро
Next D23.65.0;Next Asia 6СТ-65 АПЗ  евро
Next D23.65.1;Next Asia 6СТ-65 АПЗ  простой
Next D26.75.0;Next Asia 6СТ-75 АПЗ  евро
Next D26.75.1;Next Asia 6СТ-75 АПЗ простой
Next A.132.3;Next Euro 6СТ-132 АПЗ
Next B.190.3;Next Euro 6СТ-190 АПЗ
Next KB.190.4T;Next Euro 6СТ-190 АПЗ камина болт
Next PB.190.4;Next Euro 6СТ-190 АПЗ плоский конус
Next C.230.3;Next Euro 6СТ-230 АПЗ
Next L2.62.1;NEXT GOLD  62 лв.+ черный
Next L2.62.0;NEXT GOLD  62 пр.+ белый
Next L2.62.0;NEXT GOLD  62 пр.+ черный
Next L3.77.0;NEXT GOLD  77 пр.+ ( черный)
Next L2.62.0;Next Gold 6СТ-62 АПЗ евро
Next L2.60.1;NEXT Silver  60 лв+ (обсл.) черный
Next LB2.60.0;NEXT Silver  60 пр+ (обсл.) НИЗ. (бел.корпус/черн.крышка)
Next L2.60.0;NEXT Silver  60 пр+ (обсл.) черный
Next L3.75.1;NEXT Silver  75 лв.+ (обсл.) (черный)
Next L3.75.0;NEXT Silver  75 пр.+ (обсл.) (черный)
Next LB3.75.0;NEXT Silver  75 пр+ (обсл.) НИЗ. (бел.корпус/черн.крышка)
Next L5.90.1;NEXT Silver  90 лв.+ (обл.) черный
Next L5.90.0;NEXT Silver  90 пр.+ (обсл.) черный
Next A.132.3;NEXT Silver 132 Евро (черный)
Next B.190.3;NEXT Silver 190  Евро (черный)
Next KB.190.4T;NEXT Silver 190 камина  болт ( черный)
Next KB.190.4;NEXT Silver 190 камина конус
Next PB.190.4T;NEXT Silver 190 плоский болт (черный)
Next C.230.3;NEXT ЕВРО 230 (черный)
Next L2.62.0;Next обл. 6СТ-62 АПЗ евро
Next L2.62.1;Next обл. 6СТ-62 АПЗ простой
Next L5.100.0;Next обл.6СТ-100 АПЗ евро
Next L5.100.1;Next обл.6СТ-100 АПЗ простой
Next LB2.60.0;Next обл.6СТ-60 АПЗ (низ) евро
Next L2.60.0;Next обл.6СТ-60 АПЗ евро
Next L2.60.1;Next обл.6СТ-60 АПЗ простой
Next L2.62.1;Next обл.6СТ-62 АПЗ простой
Next L3.75.0;Next обл.6СТ-75 АПЗ  евро
Next L3.75.1;Next обл.6СТ-75 АПЗ  простой
Next LB3.75.0;Next обл.6СТ-75 АПЗ (низ) евро
Next L3.77.0;Next обл.6СТ-77 АПЗ евро
Next L3.77.1;Next обл.6СТ-77 АПЗ простой
Next L5.90.0;Next обл.6СТ-90 АПЗ евро
Next L5.90.1;Next обл.6СТ-90 АПЗ простой
Nomad L5.100.0;Nomad  Premium 6СТ-100 АПЗ евро
Nomad L5.100.1;Nomad 100 лв+ Jis (черный),шт
Nomad L5.100.0;Nomad 100 пр+обл. (черный), шт
Nomad 3CT;NOMAD 3СТ-215 АПЗ
Nomad B19.42.1B;Nomad 42 лв+ Jis (черный),шт
Nomad L2.60.1;Nomad 60 лв+ (черный)
Nomad L2.60.0;Nomad 60 пр+ (черный), шт
Nomad LB2.60.0;Nomad 60 пр+ Низ обл.(бел.корп/черн.крыш),шт
Nomad L2.62.1;Nomad 62 лв+ (белый), шт
Nomad L2.62.0;Nomad 62 пр+ (белый), шт
Nomad L5.100.0;NOMAD 6СТ-100 АПЗ евро
Nomad L5.100.1;NOMAD 6СТ-100 АПЗ простой
Nomad A.132.3;NOMAD 6СТ-132 АПЗ евро
Nomad A.140.3;NOMAD 6СТ-140 АПЗ евро
Nomad B190.3;NOMAD 6СТ-190 АПЗ евро
Nomad KB.190.4T;NOMAD 6СТ-190 АПЗ камина болт
Uragan PB.190.4T;NOMAD 6СТ-190 АПЗ плоский болт
Nomad KB.210.4T;NOMAD 6СТ-210 АПЗ камина болт
Nomad C.230.3;NOMAD 6СТ-230 АПЗ  конус
Nomad L2.60.0;NOMAD 6СТ-60 АПЗ евро
Nomad L2.60.1;NOMAD 6СТ-60 АПЗ простой
Nomad L2.62.0;NOMAD 6СТ-62 АПЗ евро
Nomad L2.62.1;NOMAD 6СТ-62 АПЗ простой
Nomad L3.75.0;NOMAD 6СТ-75 АПЗ евро
Nomad LB3.75.0;NOMAD 6СТ-75 АПЗ евро (низкий)
Nomad L3.75.1;NOMAD 6СТ-75 АПЗ простой
Nomad L3.77.0;NOMAD 6СТ-77 АПЗ евро
Nomad L5.90.0;NOMAD 6СТ-90 АПЗ евро
Nomad L5.90.1;NOMAD 6СТ-90 АПЗ простой
Nomad L3.75.1;Nomad 75 лв+ (черный),шт
Nomad L3.75.0;Nomad 75 пр+ (черный), шт
Nomad L5.90.1;Nomad 90 лв+ (черный), шт
Nomad L5.90.0;Nomad 90 пр+ (черный), шт
Nomad D31.100.0;NOMAD Asia 6СТ-100 АПЗ евро
Nomad D31.100.1;NOMAD Asia 6СТ-100 АПЗ простой
Nomad B19.42.1B;NOMAD Asia 6СТ-42 АПЗ простой
Nomad B24.50.0B;NOMAD Asia 6СТ-50 АПЗ евро (тон.кл)
Nomad D23.65.0;NOMAD Asia 6СТ-65 АПЗ евро
Nomad D26.75.0;NOMAD Asia 6СТ-75 АПЗ евро
Nomad L5.90.0;NOMAD Premium 6СТ-90 АПЗ евро
Nomad L5.90.1;NOMAD Premium 6СТ-90 АПЗ простой
Nomad L5.100.1;NOMAD st. 100 лв+ JIS (желт.корпус/черн.крышка), шт
Nomad L5.100.0;NOMAD st. 100 пр+ JIS (желт.корпус/черн.крышка), шт
Nomad B.190.3;NOMAD st. 190 ЕВРО (черный), шт
Nomad PB.190.4T;NOMAD st. 190 плоский болт  (черный), шт
Nomad C.230.3;NOMAD st. 230 ЕВРО (черный),шт
Nomad D23.65.0;NOMAD st. 65 пр+ JIS (желт.корпус/черн.крышка), шт
Nomad D26.75.0;NOMAD st. 75 пр+ JIS (желт.корпус/черн.крышка), шт
Power L2.60.0;POWER  60 пр+ (Россия)
Power L3.75.0;POWER  75 пр+ (Россия)
Power L5.90.0;POWER  90 пр+ (Россия)
Power L5.100.0;POWER 100 пр+ (Россия)
Power B.190.3;POWER 190 пр+ (Россия)
Premium L5.100.0;Premium 6СТ-100 АПЗ евро
Racer KB.190.4T;Racer 6СТ-190 АПЗ  камина болт
Racer KB.190.4;Racer 6СТ-190 АПЗ  камина конус
Racer PB.190.4T;Racer 6СТ-190 АПЗ  плоский болт
Racer PB.190.4;Racer 6СТ-190 АПЗ  плоский конус
Racer A.132.3;Racer Euro 6СТ-132 АПЗ
Racer B.190.3;Racer Euro 6СТ-190 АПЗ
Racer L2.60.0;Racer Gold 6СТ-60 АПЗ евро
Racer L2.60.1;Racer Gold 6СТ-60 АПЗ простой
Racer L3.75.0;Racer Gold 6СТ-75 АПЗ евро
Racer L3.75.1;Racer Gold 6СТ-75 АПЗ простой
Racer L2.60.0;Racer обл. 6СТ-60 АПЗ евро
Racer L3.75.0;Racer обл.6СТ-75 АПЗ евро
Racer L5.90.0;Racer обл.6СТ-90 АПЗ евро
Racer  L5.90.1;Racer обл.6СТ-90 АПЗ простой
Rex B19.36.0B;Rex 36 R
Rex B24.50.1B;Rex 45 L
Rex B24.50.0B;Rex 45 R
Rex B24.55.1;Rex 55 L
Rex B24.55.0;Rex 55 R
Rex D23.65.1;Rex 65 L
Rex D23.65.0;Rex 65 R
Rex D23.65.0;Rex 65 R  Jis
Rex D26.70.1;Rex 70 L Jis
Rex D26.70.0;Rex 70 R Jis
Rex D31.80.1;Rex 80 L
Rex D31.80.0;Rex 80 R
Rojer L5.100.0;Rojer Premium 6СТ-100 АПЗ евро
Rojer L2.60.0;Rojer Premium 6СТ-60 АПЗ евро
Rojer L5.90.0;Rojer Premium 6СТ-90 АПЗ евро
Sail B19.50.1B;Sail 50 L+ Jis тон.кл.
Sail B19.50.0B;Sail 50 R+ Jis тон.кл.
Sail D26.70.0;Sail 70 R+ Jis
Sail D26.75.1;Sail 75 L+ Jis
Sail D26.75.0;Sail 75 R+ Jis
Sail D31.90.0;Sail 90 R+ Jis
Sanfox B.190.3;Sanfox 6СТ-190 АПЗ евро
Sanfox KB.190.4T;Sanfox 6СТ-190 АПЗ камина болт
Sanfox PB.290.4T;Sanfox 6СТ-190 АПЗ плоский болт
Sanfox L2.60.0;Sanfox 6СТ-60 АПЗ евро
Sanfox L2.60.1;Sanfox 6СТ-60 АПЗ простой
Sanfox L3.75.0;Sanfox 6СТ-75 АПЗ евро
Sanfox L3.77.0;Sanfox Gold 6СТ-77 АПЗ евро
Sanfox L5.100.0;Sanfox обл.6СТ-100 АПЗ евро
Sanfox A.140.3;Sanfox обл.6СТ-140 АПЗ евро
Taxi L2.60.0;Taxi 6СТ-60 АПЗ евро
Taxi L2.60.1;Taxi 6СТ-60 АПЗ простой
Taxi L3.75.0;Taxi 6СТ-75 АПЗ евро
Taxi L5.90.0;Taxi 6СТ-90 АПЗ евро
Taxi A.132.3;Taxi Евро 6СТ-132 АПЗ
Teyko B19.42.1B;TEYKO Asia  42 лв+ JIS тон.кл. (черн.корпус/крас.крышка)
Teyko B19.42.0B;TEYKO Asia  42 пр+ JIS тон.кл. (черн.корпус/крас.крышка)
Teyko B24.50.1B;TEYKO Asia  50 пр+ JIS тон.кл. (черн.корпус/крас.крышка)
Teyko D23.65.1;TEYKO Asia  65 лв+ JIS (черн.корпус/крас.крышка)
Teyko D23.65.0;TEYKO Asia  65 пр+ JIS (черн.корпус/крас.крышка)
Teyko D26.75.1;TEYKO Asia  75 лв+ JIS (черн.корпус/крас.крышка)
Teyko D26.75.0;TEYKO Asia  75 пр+ JIS (черн.корпус/крас.крышка)
Teyko D31.100.1;TEYKO Asia 100 лв+ JIS (черн.корпус/крас.крышка)
Teyko D31.100.0;TEYKO Asia 100 пр+ JIS (черн.корпус/крас.крышка)
Teyko D31.100.0;Teyko Asia 6СТ-100 АПЗ евро
Teyko D31.100.1;Teyko Asia 6СТ-100 АПЗ простой
Teyko B24.50.0B;Teyko Asia 6СТ-50 АПЗ (тон.кл) евро
Teyko B24.50.1B;Teyko Asia 6СТ-50 АПЗ (тон.кл) простой
Teyko D23.65.0;Teyko Asia 6СТ-65 АПЗ евро
Teyko D23.65.1;Teyko Asia 6СТ-65 АПЗ простой
Teyko D26.75.0;Teyko Asia 6СТ-75 АПЗ евро
Teyko D26.75.1;Teyko Asia 6СТ-75 АПЗ простой
Titan Arctic L2.62.0;Titan Arctic  62 пр+(серый)
Titan Arctic L3.75.0;Titan Arctic  75 пр+(серый)
Titan Arctic L5.100.0;TITAN ARCTIC 6CT-100.(0) VL
Titan Arctic L5.100.0;TITAN ARCTIC 6CT-100.0 VL
Titan Arctic L2.55.0;TITAN ARCTIC 6CT-55.0 VL
Titan Arctic L2.60.0;TITAN ARCTIC 6CT-60.(0) VL
Titan Arctic L2.60.1;TITAN ARCTIC 6CT-60.(1) VL
Titan Arctic L2.62.0;TITAN ARCTIC 6CT-62.(0) VL
Titan Arctic L2.62.1;TITAN ARCTIC 6CT-62.0 VL
Titan Arctic L3.75.0;TITAN ARCTIC 6CT-75.(0) VL
Titan Arctic L3.75.0;TITAN ARCTIC 6CT-75.0 VL
Titan EFB.D31.100.0;TITAN ASIA EFB 6СТ-100.(0) VL
Titan EFB.D31.100.0;TITAN ASIA EFB 6СТ-100.0 VL
Titan EFB.D26.70.0;TITAN ASIA EFB 6СТ-70.0 VL
Titan EFB.D26.80.0;TITAN ASIA EFB 6СТ-80.0 VL
Titan B24.50.0;Titan Asia St.50 пр+ (черный)
Titan D23.62.0;Titan Asia St.62 пр+ (черный)
Titan D26.72.0;Titan Asia St.72 пр+ (черный)
Titan D31.90.0;Titan Asia St.90 пр+ (черный)
Titan B24.50.0;TITAN ASIA STANDART 6СТ-50.(0) VL
Titan B24.50.1;TITAN ASIA STANDART 6СТ-50.(1) VL
Titan B24.50.0;TITAN ASIA STANDART 6СТ-50.0 VL
Titan B24.50.1;TITAN ASIA STANDART 6СТ-50.1 VL
Titan D23.62.0;TITAN ASIA STANDART 6СТ-62.(0) VL
Titan D23.62.1;TITAN ASIA STANDART 6СТ-62.(1) VL
Titan D23.62.0;TITAN ASIA STANDART 6СТ-62.0 VL
Titan D26.72.0;TITAN ASIA STANDART 6СТ-72.(0) VL
Titan D26.72.1;TITAN ASIA STANDART 6СТ-72.(1) VL
Titan D26.72.0;TITAN ASIA STANDART 6СТ-72.0 VL
Titan D31.90.0;TITAN ASIA STANDART 6СТ-90.(0) VL
Titan D31.90.0;TITAN ASIA STANDART 6СТ-90.0 VL
Titan B24.57.0;Titan AsiaSilver   57 пр+ (чер,кор /сер.кр)
Titan D23.70.0;Titan AsiaSilver   70 пр+ (чер,кор /сер.кр)
Titan D26.77.0;Titan AsiaSilver   77 пр+ (чер,кор /сер.кр)
Titan D31.100.0;Titan AsiaSilver  100 пр+ (чер,кор /сер.кр)
Titan B24.57.0;TITAN ASIASILVER 6CT- 57.(0)VL
Titan D23.70.1;TITAN ASIASILVER 6CT- 70.(1) VL
Titan D23.70.0;TITAN ASIASILVER 6CT- 70.0 VL
Titan D26.77.0;TITAN ASIASILVER 6CT- 77.(0)VL
Titan D26.77.1;TITAN ASIASILVER 6CT- 77.(1)VL
Titan D26.77.0;TITAN ASIASILVER 6CT- 77.0 VL
Titan B24.57.0;TITAN ASIASILVER 6СТ- 57.0 VL
Titan D26.77.1;TITAN ASIASILVER 6СТ- 77.1 VL
Titan D31.100.0;TITAN ASIASILVER 6СТ-100.0 VL
Titan D31.100.0;TITAN ASIASILVER 6СТ-100.1 VL
Titan EFB.L5.100.0;TITAN EFB 6СТ-100.(0) VL
Titan EFB.L5.100.0;TITAN EFB 6СТ-100.0 VL
Titan C.225.3;TITAN EFB 6СТ-225.(3) VL
Titan C.225.3;TITAN EFB 6СТ-225.3 VL
Titan EFB.L2.60.0;TITAN EFB 6СТ-60.(0) VL
Titan EFB.L2.60.0;TITAN EFB 6СТ-60.0 VL
Titan EFB.L3.75.0;TITAN EFB 6СТ-75.(0) VL
Titan EFB.L3.75.0;TITAN EFB 6СТ-75.0 VL
Titan L5.110.0;Titan Eurosilver 110 пр+ (чер,кор/сер.кр)
Titan L2.63.0;Titan Eurosilver 63 пр+ камина (черный)
Titan LB4.85.0;TITAN EUROSILVER 6CT-85.(0) VL низкая
Titan LB4.85.0;TITAN EUROSILVER 6CT-85.0 VL низкая
Titan L5.95.0;TITAN EUROSILVER 6CT-95.(0) VL
Titan L5.95.0;TITAN EUROSILVER 6CT-95.0 VL
Titan L2.56.0;TITAN EUROSILVER 6СТ- 56.0 VL
Titan L2.61.0;TITAN EUROSILVER 6СТ- 61.(0) VL
Titan L2.61.1;TITAN EUROSILVER 6СТ- 61.(1) VL
Titan L2.61.0;TITAN EUROSILVER 6СТ- 61.0 VL
Titan L2.61.1;TITAN EUROSILVER 6СТ- 61.1 VL
Titan L2.63.0;TITAN EUROSILVER 6СТ- 63.(0) VL kamina
Titan L2.63.1;TITAN EUROSILVER 6СТ- 63.(1) VL kamina
Titan L2.63.0;TITAN EUROSILVER 6СТ- 63.0 VL kamina
Titan L2.63.1;TITAN EUROSILVER 6СТ- 63.1 VL kamina
Titan L2.65.0;TITAN EUROSILVER 6СТ- 65.(0) VL
Titan L2.65.0;TITAN EUROSILVER 6СТ- 65.0 VL
Titan L3.70.0;TITAN EUROSILVER 6СТ- 70.(0) VL kamina
Titan L3.70.0;TITAN EUROSILVER 6СТ- 70.0 VL kamina
Titan LB3.74.0;TITAN EUROSILVER 6СТ- 74.(0) VL низкая
Titan LB3.74.0;TITAN EUROSILVER 6СТ- 74.0 VL низкая
Titan L3.76.0;TITAN EUROSILVER 6СТ- 76.(0) VL
Titan L3.76.1;TITAN EUROSILVER 6СТ- 76.1 VL
Titan L5.110.0;TITAN EUROSILVER 6СТ-110.(0) VL
Titan L5.110.1;TITAN EUROSILVER 6СТ-110.(1)VL
Titan L5.110.0;TITAN EUROSILVER 6СТ-110.0 VL
Titan L3.70.0;Titan Eurosilver 70 пр+ камина  (черный)
Titan LB4.85.0;Titan Eurosilver 85 пр+ Низкая (черный)
Titan MAXX B.190.3;TITAN MAXX 6CT-190.(3) VL
Titan MAXX B.190.3;TITAN MAXX 6CT-190.3 VL
Titan MAXX C.230.3;TITAN MAXX 6CT-225.3 VL
Titan L2.62.0;Titan St. 62 пр+ (черный)
Titan L3.75.0;Titan St. 75 пр+ (черный)
Titan L5.100.0;TITAN STANDART 6CT-100.(0) VL
Titan L5.100.0;TITAN STANDART 6CT-100.0 VL
Titan A.135.3;TITAN STANDART 6CT-135.(0) VL
Titan B.190.3;TITAN STANDART 6CT-190.(3) VL
Titan B.190.3;TITAN STANDART 6CT-190.3 VL
Titan C.220.3;TITAN STANDART 6CT-220.(3) VL
Titan C.220.3;TITAN STANDART 6CT-220.3 VL
Titan L2.60.0;TITAN STANDART 6CT-60.(0) VL
Titan L2.60.1;TITAN STANDART 6CT-60.(1) VL
Titan L2.60.0;TITAN STANDART 6CT-60.0 VL
Titan L2.60.1;TITAN STANDART 6CT-60.1 VL
Titan L2.62.0;TITAN STANDART 6CT-62.(0) VL
Titan L2.62.1;TITAN STANDART 6CT-62.(1) VL
Titan L2.62.0;TITAN STANDART 6CT-62.0 VL
Titan L2.62.1;TITAN STANDART 6CT-62.1 VL
Titan L3.66.0;TITAN STANDART 6CT-66.0 VL
Titan L3.70.0;TITAN STANDART 6CT-70.(0) VL kamina
Titan L3.70.0;TITAN STANDART 6CT-70.0 VL kamina
Titan L3.75.0;TITAN STANDART 6CT-75.(0) VL
Titan L3.75.1;TITAN STANDART 6CT-75.(1)VL
Titan L3.75.0;TITAN STANDART 6CT-75.0 VL
Titan L3.75.1;TITAN STANDART 6CT-75.1 VL
Titan L5.90.0;TITAN STANDART 6CT-90.(0) VL
Titan L5.90.0;TITAN STANDART 6CT-90.0 VL
Trakt D31.100.0;Trakt Asia 6СТ-100 АПЗ евро
Trakt D31.100.1;Trakt Asia 6СТ-100 АПЗ простой
Trakt D23.65.0;Trakt Asia 6СТ-65 АПЗ евро
Trakt D26.75.0;Trakt Asia 6СТ-75 АПЗ евро
Trakt D26.75.1;Trakt Asia 6СТ-75 АПЗ простой
T-Rex B19.42.1B;T-REX Asia  42 лв+ JIS тон.кл.(серый.корпус/черн.крышка)
T-Rex B19.42.0B;T-REX Asia  42 пр+ JIS тон.кл.(серый.корпус/черн.крышка)
T-Rex B24.50.0B;T-REX Asia  50 пр+ JIS тон.кл.(серый.корпус/черн.крышка)
T-Rex D23.65.1;T-REX Asia  65 лв+ JIS (серый корпус/черн.крышка)
T-Rex D23.65.0;T-REX Asia  65 пр+ JIS (серый корпус/черн.крышка)
T-Rex D26.75.1;T-REX Asia  75 лев + JIS (серый корпус/черн.крышка)
T-Rex D26.75.0;T-REX Asia  75 пр+ JIS (серый корпус/черн.крышка)
T-Rex D31.100.1;T-REX Asia 100 лв+ JIS (сер.кор/черн.кр.)
T-Rex D31.100.0;T-REX Asia 100 пр+ JIS (сер.кор/черн. кр.)
T-Rex D31.100.0;T-Rex Asia 6СТ-100 АПЗ евро
T-Rex D31.100.1;T-Rex Asia 6СТ-100 АПЗ простой
T-Rex B19.42.0B;T-Rex Asia 6СТ-42 АПЗ (тон.кл) евро
T-Rex B19.42.1B;T-Rex Asia 6СТ-42 АПЗ (тон.кл) простой
T-Rex B24.50.0B;T-Rex Asia 6СТ-50 АПЗ (тон.кл) евро
T-Rex B24.50.1B;T-Rex Asia 6СТ-50 АПЗ (тон.кл) простой
T-Rex D23.65.0;T-Rex Asia 6СТ-65 АПЗ  евро
T-Rex D26.75.0;T-Rex Asia 6СТ-75 АПЗ  евро
T-Rex D26.75.1;T-Rex Asia 6СТ-75 АПЗ простой
T-Rex L2.60.0;T-REX Premium  60 пр+ (cер.корпус/черн.крышка)
T-Rex L3.70.0;T-REX Premium  70 пр+  (сер.корпус/черн.крышка)
T-Rex L3.77.0;T-REX Premium  77 пр+ (сер.корпус/черн.крышка)
T-Rex L5.90.0;T-REX Premium  90 пр+ (cер.корпус/черн.крышка)
T-Rex L5.100.0;T-REX Premium 100 пр+ (cер.корпус/черн.крышка)
T-Rex L5.100.0;T-Rex Premium 6СТ-100 АПЗ евро
T-Rex L5.100.1;T-Rex Premium 6СТ-100 АПЗ простой
T-Rex L2.60.1;T-Rex Premium 6СТ-60 АПЗ  простой
T-Rex L2.60.0;T-Rex Premium 6СТ-60 АПЗ евро
T-Rex L3.70.0;T-Rex Premium 6СТ-70 АПЗ евро
T-Rex L3.70.1;T-Rex Premium 6СТ-70 АПЗ простой
T-Rex L3.77.0;T-Rex Premium 6СТ-77 АПЗ евро
T-Rex L3.77.1;T-Rex Premium 6СТ-77 АПЗ простой
T-Rex L5.90.0;T-Rex Premium 6СТ-90 АПЗ евро
Trigger L2.60.0;Trigger 6СТ-60 АПЗ евро
Trigger L2.60.1;Trigger 6СТ-60 АПЗ простой
Trigger L3.75.0;Trigger 6СТ-75 АПЗ евро
Trigger L3.75.1;Trigger 6СТ-75 АПЗ простой
BOLK L2.60.1;UNIKUM  60 лв+ (Bolk) (чер,корп/крас.кр),шт
BOLK L2.60.1;UNIKUM  60 лв+ (BOLK) обл. (красный)
Crona L2.60.1;UNIKUM  60 лв+ (CRONA) (красный)
Damper L2.60.1;UNIKUM  60 лв+ (DAMPER) (бел.корпус/крас.крышка)
Racer L2.60.1;UNIKUM  60 лв+ (Racer) GOLD (черн.корпус/красный крышка)
Racer L2.60.1;UNIKUM  60 лв+ (Racer) GOLD (черный)
Racer L2.60.1;UNIKUM  60 лв+ (Racer) обсл.(черн.корпус/красный крышка)
Virbac L2.60.1;UNIKUM  60 лв+ (Virbac Classic) (черн.корпус/крас.ручка),шт
Unikum L2.60.1;UNIKUM  60 лв+ (крас.корпус/черн.крышка)
Электра L2.60.1;UNIKUM  60 лв+ (Электра) GOLD (син.корпус/бел.крышка)
Электра L2.60.1;UNIKUM  60 лв+ Электра (обсл) (синий.корп/бел. кр.)
Unikum L2.60.0;UNIKUM  60 пр+  GOLD (крас.корпус/черн.крышка)
BOLK L2.60.0;UNIKUM  60 пр+ (Bolk) (чер,корп/крас.кр),шт
BOLK L2.60.0;UNIKUM  60 пр+ (BOLK) обл. (черн.корпус/крас.крышка)
Crona L2.60.0;UNIKUM  60 пр+ (CRONA) обл.(красный)
Damper L2.60.0;UNIKUM  60 пр+ (DAMPER) (бел.корпус/крас.крышка)
Moon L2.60.0;UNIKUM  60 пр+ (Moon) обл. (черн.корпус/крас.крышка)
Racer L2.60.0;UNIKUM  60 пр+ (Racer) GOLD (черн.корпус/крас.крышка)
Racer L2.60.0;UNIKUM  60 пр+ (Racer) обл.(черн.корпус/крас.крышка)
Sanfox L2.60.0;UNIKUM  60 пр+ (SanFox) (обл) (черн.корпус/оранж.крышка)
Taxi L2.60.0;UNIKUM  60 пр+ (TAXI) (обл) (черн.корпус/оранж.крышка)
Uragan L2.60.0;UNIKUM  60 пр+ (Uragan) (крас.корпус/черн.крышка)
Virbac L2.60.0;UNIKUM  60 пр+ (Virbac Classic) (черн.корпус/крас.ручка),шт
Unikum L2.60.0;UNIKUM  60 пр+ (черн.корпус/крас.крышка)
Электра L2.60.0;UNIKUM  60 пр+ (Электра) (син.корпус/бел.крышка)
Электра L2.60.0;UNIKUM  60 пр+ (Электра) GOLD (син.корпус/бел.крышка)
Электра L2.60.0;UNIKUM  60 пр+ (Электра)(обл) (син.корпус/бел.крышка)
Energy One L2.60.0;UNIKUM  60 пр+(Energy one) обл. (черн.корпус/крас.крышка)
Virbac L2.60.0;UNIKUM  60 пр+(Virbac Classic) обл. (черн.корпус/крас.крышка)
AC/DC L3.75.1;UNIKUM  75 лв+ (AC/DC) (черн.корпус/зел.ручка)
BOLK L3.75.1;UNIKUM  75 лв+ (BOLK) обл. (черн.корпус/крас.крышка)
Racer L3.75.1;UNIKUM  75 лв+ (Racer) (обсл) (черн.корп/крас. кр.)
Racer L3.75.1;UNIKUM  75 лв+ (Racer) GOLD (черн.корпус/красный крышка)
Virbac L3.75.1;UNIKUM  75 лв+ (Virbac Classic) (черн.корпус/крас.ручка),шт
Электра L3.75.1;UNIKUM  75 лв+ (Электра) GOLD (син.корпус/бел.крышка)
Электра L3.75.1;UNIKUM  75 лв+ (Электра) обл. (син.корпус/бел.крышка)
Unikum L3.75.1;UNIKUM  75 лв+ GOLD (крас.корпус/черн. крышка)
BOLK L3.75.0;UNIKUM  75 пр+ (BOLK) обл (черн.корпус/крас.крышка)
Crona L3.75.0;UNIKUM  75 пр+ (CRONA) обл (красный)
Crona L3.75.0;UNIKUM  75 пр+ (CRONA) обсл (красный)
Damper L3.75.0;UNIKUM  75 пр+ (DAMPER) (бел.корпус/крас.крышка)
Racer L3.75.0;UNIKUM  75 пр+ (Racer) GOLD (черн.корпус/крас.крышка)
Racer L3.75.0;UNIKUM  75 пр+ (Racer) обл. (черн.корпус/крас.крышка)
Taxi L3.75.0;UNIKUM  75 пр+ (TAXI) (черн.корпус/оранж.крышка)
Virbac L3.75.0;UNIKUM  75 пр+ (Virbac Classic) (черн.корпус/крас.ручка),шт
Unikum L3.75.0;UNIKUM  75 пр+ (черн.корпус/крас.крышка)
Электра L3.75.0;UNIKUM  75 пр+ (Электра) GOLD (син.корпус/бел.крышка)
Электра L3.75.0;UNIKUM  75 пр+ (Электра) обл (син.корпус/бел.крышка)
Unikum L3.75.0;UNIKUM  75 пр+ Gold (крас.корпус/черн.крышка)
Uragan L3.75.0;UNIKUM  75 пр+(Uragan) кр.корпус/черн.крышка)
Racer L5.90.1;UNIKUM  90 лв+ (Racer) (обл)(черн.корпус/крас.крышка)
Электра L5.90.1;UNIKUM  90 лв+ (Электра)обл  (син.корпус/бел.крышка)
Bolk L5.90.0;UNIKUM  90 пр+ (Bolk) (черн.корпус/крас.крышка)
Crona L2.90.0;UNIKUM  90 пр+ (CRONA) обл. (красный)
Racer L5.90.0;UNIKUM  90 пр+ (Racer) обл. (черн.корпус/крас.крышка)
Taxi L5.90.0;UNIKUM  90 пр+ (TAXI) (черный)
V.Element L5.90.0;UNIKUM  90 пр+ (V.Element) (обсл) (черный корп./крас.кр)
Электра L5.90.0;UNIKUM  90 пр+ (Электра) обл.(син.корпус/бел.крышка)
Unikum L5.90.0;UNIKUM  90 пр+ обл.(крас.корпус/черн.крышка)
Uragan L5.90.0;UNIKUM  90 пр+( Uragan) обл.(крас.корпус/черн.крышка)
Virbac L5.100.1;UNIKUM 100 лв + (Virbac Classic) обл. (черн.корпус/кр.крышка),шт
Virbac L5.100.0;UNIKUM 100 пр+ (Virbac Classic) обл. (черн.корпус/кр.крышка),шт
Racer A.132.3;UNIKUM 132 (Racer) Евро  (черн.корпус/крас.крышка)
Virbac A.132.3;UNIKUM 132 (Virbac Classic) (черный)
Электра A.132.3;UNIKUM 132 (Электра) низкий плоский конус
Unikum A.132.3;UNIKUM 132 низкий плоский конус
BOLK A.132.3;UNIKUM 132 пр+ (Bolk) (черн.корпус/крас.крышка)
Virbac A.140.3;UNIKUM 140 (Virbac Classic)  (черный)
Virbac A.140.3;UNIKUM 140 (Virbac Classic) евро (черный)
Unikum B.190.3;UNIKUM 190  ЕВРО (черн.корпус/крас.крышка)
Unikum KB.190.4T;UNIKUM 190  камина болт (черн.корпус/крас.крышка)
Unikum KB.190.4;UNIKUM 190  камина конус (черн.корпус/крас.крышка)
Crona B.190.3;UNIKUM 190 ( Crona) Евро (черн.корпус/крас.крышка)
Crona KB.190.4T;UNIKUM 190 ( Crona) камина болт (черн.корпус/крас.крышка)
Unikum PB.190.4T;UNIKUM 190 ( Crona) плоский  болт (черн.корпус/крас.крышка)
Unikum PB.190.4;UNIKUM 190 ( Crona) плоский  конус (черн.корпус/крас.крышка)
BOLK PB.190.4T;UNIKUM 190 (Bolk) плоский болт (черн.корпус/крас.крышка)
BOLK PB.190.4;UNIKUM 190 (Bolk) плоский конус (черн.корпус/крас.крышка)
Karhu KB.190.4T;UNIKUM 190 (Karhu) камина болт (черн.корпус/крас.крышка)
Racer B.190.3;UNIKUM 190 (Racer) ЕВРО (черн.корпус/крас.крышка)
Racer KB.190.4T;UNIKUM 190 (Racer) камина болт (черн.корпус/крас.крышка),шт
Racer KB.190.$;UNIKUM 190 (Racer) камина конус (черн.корпус/крас.крышка)
Sanfox KB.190.4T;UNIKUM 190 (Sanfox) камина болт  (черн.корпус/крас.крышка)
Virbac B.190.3;UNIKUM 190 (VIRBAC) Евро (черный) ,шт
Virbac KB.190.4T;UNIKUM 190 (VIRBAC) камина болт,  черный
Virbac PB.190.4T;UNIKUM 190 (VIRBAC) плоский болт,черный
Virbac PB.190.4;UNIKUM 190 (VIRBAC) плоский конус,черный
Электра B.190.3;UNIKUM 190 (Электра) ЕВРО
Электра KB.190.4T;UNIKUM 190 (Электра) камина болт
BOLK B.190.3;UNIKUM 190 Евро (BOLK)  (черн.корпус/крас.крышка)
Unikum A.132.3;Unikum 6СТ-132 АПЗ ЕВРО
Unikum B.190.3;Unikum 6СТ-190 АПЗ ЕВРО
Unikum KB.190.4T;Unikum 6СТ-190 АПЗ камина болт
Unikum PB.190.4;Unikum 6СТ-190 АПЗ плоский конус
Energy L5.100.0;Unikum Energy 100  пр+ обл. (белый)
Unikum L2.60.0;Unikum gold 6СТ-60 АПЗ евро
Unikum L2.60.1;Unikum gold 6СТ-60 АПЗ простой
Unikum L3.75.0;Unikum gold 6СТ-75 АПЗ евро
Unikum L3.75.1;Unikum gold 6СТ-75 АПЗ простой
Sanfox L3.77.0;Unikum Sanfox 77 пр+ обл. (черный корп/сер.кр)
Unikum L5.90.0;Unikum обл. 6СТ-90 АПЗ евро
Unikum L5.90.1;Unikum обл. 6СТ-90 АПЗ простой
Uragan A.132.3;URAGAN 6СТ-132 АПЗ евро
Uragan B.190.0;URAGAN 6СТ-190 АПЗ евро
Uragan KB.190.4T;URAGAN 6СТ-190 АПЗ камина болт
Uragan KB.190.4;URAGAN 6СТ-190 АПЗ камина конус
Uragan PB.190.4T;URAGAN 6СТ-190 АПЗ плоский болт
Uragan PB.190.4;URAGAN 6СТ-190 АПЗ плоский конус
Uragan KB.210.4T;URAGAN 6СТ-210 АПЗ камина болт
Uragan KB.215.4T;URAGAN 6СТ-215 АПЗ камина болт
Uragan C.230.C;URAGAN 6СТ-230 АПЗ конус
Uragan L2.60.0;URAGAN 6СТ-60 АПЗ евро
Uragan L2.60.1;URAGAN 6СТ-60 АПЗ простой
Uragan L3.75.0;URAGAN 6СТ-75 АПЗ евро
Uragan L3.75.1;URAGAN 6СТ-75 АПЗ простой
Uragan L5.90.0;URAGAN 6СТ-90 АПЗ евро
Uragan L5.90.1;URAGAN 6СТ-90 АПЗ простой
Varta Blue Dynamic A15 40.1;VARTA  45 Jis лв + (тонкий клема)
Varta Blue Dynamic B31 45.0;VARTA  45 Jis пр + (тонкий клема)
Varta Blue Dynamic E24 70.1;VARTA  70 лв+st
Varta Blue Dynamic E11 74.0;VARTA  74 пр+st
Varta Blue Dynamic G8 95.1;VARTA  95 Jis L+
Varta Silver Dynamic H3 100.0;VARTA 100 пр+st
Moto undefined;VARTA 12 Ah
Varta Blue Dynamic D47 60.0;VARTA 60 JIS R+
Varta Blue Dynamic D24 60.0;VARTA 60 пр+st
Varta Blue Dynamic E24 70.1;VARTA 70 Jis L+
Varta Blue Dynamic E23 70.0;VARTA 70 Jis R+
Varta Blue Dynamic G7 95.0;VARTA 95 Jis R+
Vega L2.60.0;Vega  60 пр+(Украина)
Vega B.190.3;Vega 190 (Украина)
Virbac L5.100.0;Virbac Classic 6СТ-100 АПЗ евро
Virbac L5.100.1;Virbac Classic 6СТ-100 АПЗ простой
Virbac A.140.3;Virbac Classic 6СТ-140 АПЗ евро
Virbac PB.190.4T;Virbac Classic 6СТ-190 АПЗ плоский болт
Virbac PB.190.4;Virbac Classic 6СТ-190 АПЗ плоский конус
Virbac L2.60.0;Virbac Classic 6СТ-60 АПЗ евро
Virbac L2.60.1;Virbac Classic 6СТ-60 АПЗ простой
Virbac L3.75.0;Virbac Classic 6СТ-75 АПЗ евро
Volt B.190.3;Volt 190
Voltman LB2.60.1;VOLTMAN  60 лв+
Voltman LB2.60.0;VOLTMAN  60 пр+
Voltman LB2.60.0;VOLTMAN  60 пр+ 2019
Voltman D23.60.0;VOLTMAN  60 пр+ Jis
Voltman L2.65.0;VOLTMAN  65 пр+
Voltman L3.70.0;VOLTMAN  6CT-70.0 VL kamina
Voltman L5.90.0;VOLTMAN  6CT-90.0 VL
Voltman D26.70.1;VOLTMAN  70 лв+ Jis
Voltman L3.70.0;VOLTMAN  70 пр+
Voltman D26.70.0;VOLTMAN  70 пр+ Jis
Voltman L3.74.0;VOLTMAN  74 пр+
Voltman L3.74.0;VOLTMAN  74 пр+ 2019
Voltman L5.92.0;VOLTMAN  92 пр+
Voltman D31.95.1;VOLTMAN  95 Jis лв+
Voltman D31.95.0;VOLTMAN  95 Jis пр+
Voltman L5.100.0;VOLTMAN 100 пр+
Voltman L5.100.0;VOLTMAN 100 пр+ 2019
Voltman A.140.3;VOLTMAN 140 ЕВРО
Voltman A.192.3;VOLTMAN 192 ЕВРО
Voltman C.225.3;VOLTMAN 225 ЕВРО
Voltman C.225.3;VOLTMAN 225 ЕВРО 2019
Voltman L5.100.0;VOLTMAN 6CT-100.0 VL
Voltman L5.100.1;VOLTMAN 6CT-100.1 VL
Voltman A.135.3;VOLTMAN 6CT-135.3 VL
Voltman B.190.3;VOLTMAN 6CT-190.3 VL
Voltman C.220.3;VOLTMAN 6CT-220.3 VL
Voltman L2.60.0;VOLTMAN 6CT-60.0 VL
Voltman LB2.60.0;VOLTMAN 6CT-60.0 VL (низкий)
Voltman L2.60.1;VOLTMAN 6CT-60.1 VL
Voltman L2.60.1;VOLTMAN 6CT-60.1 VL (низкий)
Voltman L2.62.0;VOLTMAN 6CT-62.0 VL
Voltman L2.63.0;VOLTMAN 6CT-63.0 VL
Voltman L2.63.1;VOLTMAN 6CT-63.1 VL
Voltman L3.70.0;VOLTMAN 6CT-70.0 VL (kamina)
Voltman L3.75.0;VOLTMAN 6CT-75.0 VL
Voltman L3.75.1;VOLTMAN 6CT-75.1 VL
Voltman D31.100.0;VOLTMAN ASIA 6CT-100.0 VL
Voltman D31.100.1;VOLTMAN ASIA 6CT-100.1 VL
Voltman D23.62.0;VOLTMAN ASIA 6CT-62.0 VL
Voltman D26.72.0;VOLTMAN ASIA 6CT-72.0 VL
Voltman D26.72.1;VOLTMAN ASIA 6CT-72.1 VL
W-Star L2.60.0;W*Star  60 пр+ (синий) Premium
W-Star L3.70.0;W*Star  70 пр+ (синий) Premium
W-Star L3.77.0;W*Star  77 пр+ (синий) Premium
W-Star L5.90.0;W*Star  90 пр+ (синий) Premium
W-Star L5.100.0;W*Star 100 пр+ (синий) Premium
W-Star L5.100.0;W*Star 6СТ-100 АПЗ евро
W-Star L2.55.0;W*Star 6СТ-55 АПЗ евро
W-Star L2.60.0;W*Star 6СТ-60 АПЗ евро
W-Star L2.60.1;W*Star 6СТ-60 АПЗ простой
W-Star L2.62.1;W*Star 6СТ-62 АПЗ простой
W-Star L3.70.0;W*Star 6СТ-70 АПЗ евро
W-Star L3.77.0;W*Star 6СТ-70 АПЗ евро (этикетка 77)
W-Star L3.77.0;W*Star 6СТ-77 АПЗ евро
W-Star L5.90.0;W*Star 6СТ-90 АПЗ евро
Westa LB2.60.0;Westa  60 пр+ (Украина)
Westa L2.65.0;Westa  65 пр+ (Украина)
Westa L2.65.0;Westa  65 пр+ (Украина) 2019
Westa L3.70.0;Westa  70 пр+ (Украина)
Westa L3.70.0;Westa  70 пр+ (Украина) 2019
Westa L3.74.0;Westa  74 пр+ (Украина)
Westa L3.74.0;Westa  74 пр+ (Украина) 2019
Westa L5.92.0;Westa  92 пр+ (Украина)
Westa L5.92.0;Westa  92 пр+ (Украина) 2019
Westa L5.100.0;Westa 100  пр+ (Украина)  2019
Westa B.192.0;Westa 192  пр+ (Украина) 2019
Westa Red B19.42.0B;Westa Red 6СТ-42 Jis АПЗ (тон.кл.) евро
Xtreme L5.100.0;Xtreme 100 пр+ обл (серый)
Xtreme L3.77.0;Xtreme GOLD 77 пр+ (серый)
Сопутствующий товар;Адаптер 1  25005, шт
Сопутствующий товар;Адаптер 2 шт
Сопутствующий товар;"Антифриз ""Cartek"" Green G11,в п/э кан 1 кг"
Сопутствующий товар;"Антифриз ""Cartek"" Green G11,в п/э кан 10 кг"
Сопутствующий товар;"Антифриз ""Cartek"" Green G11,в п/э кан 5 кг"
Сопутствующий товар;"Антифриз ""Cartek"" Red G12,в п/э кан 1 кг"
Сопутствующий товар;"Антифриз ""Cartek"" Red G12,в п/э кан 10 кг"
Сопутствующий товар;"Антифриз ""Cartek"" Red G12,в п/э кан 5 кг"
Сопутствующий товар;Антифриз Real classic зеленый 1 кг
Сопутствующий товар;Антифриз Real classic зеленый 4,5 кг
Сопутствующий товар;Антифриз Real classic зеленый 9 кг
Сопутствующий товар;Антифриз Real Premium красный 1 кг
Сопутствующий товар;Антифриз Real Premium красный 4,5 кг
Сопутствующий товар;Антифриз Real Premium красный 9 кг
Сопутствующий товар;Вода дистиллированная 1л (пэт)
Сопутствующий товар;Вода дистиллированная 5л (пэт)
Вожак  3CT;Вожак 3СТ-215 АПЗ евро
Вожак L5.100.0;Вожак 6СТ-100 АПЗ евро
Вожак KB.190.4T;Вожак 6СТ-190 АПЗ  камина болт
Вожак L2.60.0;Вожак 6СТ-60 АПЗ евро
Вожак LB2.60.0;Вожак 6СТ-60 АПЗ евро (низкий)
Вожак L2.60.1;Вожак 6СТ-60 АПЗ простой
Вожак L2.62.0;Вожак 6СТ-62 АПЗ евро
Вожак L2.62.1;Вожак 6СТ-62 АПЗ простой
Вожак L3.75.0;Вожак 6СТ-75 АПЗ евро
Вожак LB3.75.0;Вожак 6СТ-75 АПЗ евро (низкий)
Вожак L3.75.1;Вожак 6СТ-75 АПЗ простой
Вожак L5.90.0;Вожак 6СТ-90 АПЗ евро
Сопутствующий товар;Губка автомобильная прямоугольная черная GRASS (190х110х55 мм индивид. упак.) НОВИНКА
Сопутствующий товар;Жидкость омывателя 5л -30
Сопутствующий товар;Зарядное устройство СА 225
Сопутствующий товар;Клемма  японская 25003,шт
Сопутствующий товар;Клемма  японская легкая 25004,шт
Сопутствующий товар;Клемма  японская малая,шт 25004
Сопутствующий товар;Клемма европейская 25001, шт
Сопутствующий товар;Клемма европейская легкая,шт
Сопутствующий товар;Клемма европейская малая 25002, шт
Сопутствующий товар;Клемма Минус 40см 16мм2 (25019)
Сопутствующий товар;Клемма Минус 65*35 (25050)
Сопутствующий товар;Клемма Минус 65*35, шт
Сопутствующий товар;Клемма Минус 65см 16мм2 (25020)
Сопутствующий товар;"Клемма с ""барашком"" м8 25037, шт"
Сопутствующий товар;Клемма с барашком 25024,шт
Сопутствующий товар;Клемма с барашком, шт
Сопутствующий товар;Клемма с боковым креплением , шт
Сопутствующий товар;Клемма с боковым креплением узко-полюсная, шт
Сопутствующий товар;Клемма с грузовая большая 25008,шт
Сопутствующий товар;Клемма с грузовая большая, шт
Сопутствующий товар;Клемма с грузовая малая , шт
Сопутствующий товар;Клемма с грузовая малая 1 , шт
Сопутствующий товар;Клемма с грузовая малая 1, 25042
Сопутствующий товар;Клемма с грузовая малая 25007,шт
Сопутствующий товар;Конус  25023, шт
Сопутствующий товар;"Моющее средство для помещений и автомобилей ""Nano Shampoo"" (флакон 250мл)"
Сопутствующий товар;"Омыватель""Cartek"" -20 5L"
Сопутствующий товар;"Омыватель""Cartek"" -30 5L"
Сопутствующий товар;Очиститель двигателя Engine Cleaner 0,60 л Grass
Сопутствующий товар;Очиститель салона Universal-cleaner 0,6 л Grass
Сопутствующий товар;Перемычка 56*50, 25041 шт
Сопутствующий товар;Перемычка 560 мм 56*35, 25027 шт
Сопутствующий товар;Перемычка 60 60*16 (25011)
Сопутствующий товар;Перемычка 60 60*16,шт
Сопутствующий товар;Перемычка грузовая 45см 45*25 (25014)
Сопутствующий товар;Перемычка грузовая 45см 45*25, шт
Сопутствующий товар;Перемычка масса 305*70 (25044)
Сопутствующий товар;Перемычка масса 305*70, шт
Сопутствующий товар;Перемычка масса 31*35, 25012 шт
Сопутствующий товар;Перемычка масса 56*50 25041
Сопутствующий товар;Перемычка масса 60*35 (25036)
Сопутствующий товар;Перемычка масса 60*35, шт
Сопутствующий товар;Перемычка масса 600*70 (25047)
Сопутствующий товар;Перемычка масса 600*70, шт
Сопутствующий товар;Полироль глянцевый для кожи, резины и пластика Polirol Shine 0,6 л Grass
Сопутствующий товар;Смазка Литол-24 250 гр
Сопутствующий товар;Солидол 250 гр
Сопутствующий товар;Стекломойка
Сопутствующий товар;Чистящее и полирующее средство для различных поверхностей и помещений Black Rubber (фл. 600 мл)
Сопутствующий товар;Чистящее и полирующее средство для различных поверхностей и помещений Leather Cleaner (фл. 600 мл)
Электра B.190.3;Электра 6СТ-190 АПЗ  евро
Электра KB.190.4T;Электра 6СТ-190 АПЗ  камина болт
Электра L2.60.0;Электра Gold 6СТ-60 АПЗ евро
Электра L2.60.1;Электра Gold 6СТ-60 АПЗ простой
Электра L3.75.0;Электра Gold 6СТ-75 АПЗ евро
Электра L3.75.1;Электра Gold 6СТ-75 АПЗ простой
Электра A.132.3;Электра обл.6СТ-132 АПЗ евро
Электра B.190.3;Электра обл.6СТ-190 АПЗ евро
Электра KB.190.4T;Электра обл.6СТ-190 АПЗ камина болт
Электра L5.90.0;Электра обл.6СТ-90 АПЗ евро
Электра L5.90.1;Электра обл.6СТ-90 АПЗ простой
Сопутствующий товар;Электролит кислотный 1,28  ПЭТ 1,5 л
Сопутствующий товар;Электролит кислотный 1,28  ПЭТ 1л
Сопутствующий товар;Электролит кислотный 1,40 г/см3 ПЭТ 1л
Сопутствующий товар;Электролит кислотный 1,40 ПЭТ 1,5л
